Active Life,https://images.unsplash.com/photo-1501389446297-06c4c50b5ee8?ixlib=rb-1.2.1&ixid=eyJhcHBfaWQiOjEyMDd9&auto=format&fit=crop&w=800&q=60,,,
Airsoft,https://www.pexels.com/photo/person-holding-black-pump-shotgun-669283/,,,
Amateur Sports Team,https://www.pexels.com/photo/people-at-a-sports-field-1799242/,,,
Amusement Parks,https://www.pexels.com/photo/black-and-white-ferris-wheel-1782146/,,,
Aquariums,https://www.pexels.com/photo/gray-fish-889929/,,,
Archery,https://images.pexels.com/photos/262438/pexels-photo-262438?cs=srgb&dl=abstract-accuracy-accurate-262438&fm=jpg,,,
ATV Rentals Tours,https://www.pexels.com/photo/line-of-men-riding-on-all-terrain-vehicles-holding-out-hand-in-a-fist-910623/,,,
Axe Throwing,https://www.pexels.com/photo/axe-on-tree-trunk-203553/,,,
Badminton,https://www.pexels.com/photo/blue-badminton-racket-with-shuttlecock-115016/,,,
Baseball Fields,https://www.pexels.com/photo/aerial-view-of-sports-stadium-during-daytime-139762/,,,
Basketball Courts,https://www.pexels.com/photo/basketball-park-1607855/,,,
Batting Cages,https://www.pexels.com/photo/green-ball-on-sand-257970/,,,
Beach Equipment Rentals,https://www.pexels.com/photo/safety-buoy-6127/,,,
Beaches,https://images.pexels.com/photos/994605/pexels-photo-994605?cs=srgb&dl=beach-clouds-daytime-994605&fm=jpg,,,
Bike Parking,https://www.pexels.com/photo/red-cruiser-bike-parked-on-metal-bike-stand-805303/,,,
Bike Rentals,https://www.pexels.com/photo/parked-red-and-white-bicycles-674735/,,,
Boating,https://www.pexels.com/photo/woman-wearing-black-cap-holding-bottle-on-white-speedboat-during-daytime-209978/,,,
Bobsledding,https://pixabay.com/en/bobsled-team-run-olympics-ice-643397/,,,
Bocce Ball,https://pixabay.com/en/bocce-balls-cabin-2246360/,,,
Bowling,https://www.pexels.com/photo/sport-alley-ball-game-4192/,,,
Bubble Soccer,https://www.google.com/url?sa=i&source=images&cd=&cad=rja&uact=8&ved=2ahUKEwjs89aVyoLgAhVvmK0KHfSkAQAQjRx6BAgBEAU&url=https%3A%2F%2Factionindoor.com%2Fbubble-soccer&psig=AOvVaw224srdLr9UFRS0j78GXpYl&ust=1548287363552144,,,
Bungee Jumping,https://pixabay.com/en/sports-bungee-bungee-jumping-jump-217238/,,,
Carousels,https://unsplash.com/photos/X2W5Jml4flE,,,
Challenge Courses,https://unsplash.com/photos/6n4cDxbeINs,,,
Climbing,https://unsplash.com/photos/IQxcuHBF7Uo,,,
Cycling Classes,https://media.istockphoto.com/photos/spinning-class-picture-id517077977?k=6&m=517077977&s=612x612&w=0&h=lBiqRZHEbfYE7PAEZ9FLoLG6NxpwStVgQ5rcH9QCTBo=,,,
Day Camps,https://unsplash.com/photos/Tx7_T5TZNrY,,,
Disc Golf,https://www.google.com/url?sa=i&source=images&cd=&cad=rja&uact=8&ved=2ahUKEwjxr7LezYLgAhVSMqwKHS6IDM0QjRx6BAgBEAU&url=https%3A%2F%2Fwww.istockphoto.com%2Fphotos%2Fdisc-golf&psig=AOvVaw3YIWsc43Cjh-X1YRx6vJCD&ust=1548288353762404,,,
,,,,
Diving,https://unsplash.com/photos/dtCTfjTEOgg,,,
Free Diving,https://unsplash.com/photos/nb2l7FmbSdA,,,
Scuba Diving,https://unsplash.com/photos/gcG_b9ijyqU,,,
Escape Games,https://www.pexels.com/photo/light-sky-space-abstract-40748/,,,
Fencing Clubs,https://images.unsplash.com/photo-1487491444334-76fa4a099351?ixlib=rb-1.2.1&ixid=eyJhcHBfaWQiOjEyMDd9&auto=format&fit=crop&w=1650&q=80,,,
Fishing,https://images.unsplash.com/photo-1529230117010-b6c436154f25?ixlib=rb-1.2.1&ixid=eyJhcHBfaWQiOjEyMDd9&auto=format&fit=crop&w=800&q=60,,,
Fitness & Instruction,https://images.unsplash.com/photo-1517963628607-235ccdd5476c?ixlib=rb-1.2.1&ixid=eyJhcHBfaWQiOjEyMDd9&auto=format&fit=crop&w=800&q=60,,,
Aerial Fitness,https://d2gg9evh47fn9z.cloudfront.net/800px_COLOURBOX4648035.jpg,,,
Barre Classes,http://assets.inarkansas.com/48511/pure-barre.jpg,,,
Boot Camps,https://www.fitnessgymyoga.com/wp-content/uploads/2018/01/fitness-boot-camp-stock-photo-565849zutg2b-luxury-boot-camp-of-fitness-boot-camp-stock-photo-907260k-849565.jpg,,,
Boxing,https://images.pexels.com/photos/1253596/pexels-photo-1253596.jpeg?auto=compress&cs=tinysrgb&dpr=2&w=500,,,
Cardio Classes,https://www.pexels.com/photo/women-s-assorted-sports-bras-raising-their-pink-dumbbells-864990/,,,
Dance Studios,https://cdn.pixabay.com/photo/2014/11/11/15/24/gym-526996_1280.jpg,,,
Golf Lessons,https://www.pexels.com/photo/woman-holding-golf-club-near-man-1325652/,,,
Gyms,https://images.unsplash.com/photo-1519859660545-3dea8ddf683c?ixlib=rb-1.2.1&ixid=eyJhcHBfaWQiOjEyMDd9&auto=format&fit=crop&w=2089&q=80,,,
Circuit Training Gyms,https://images.unsplash.com/photo-1540497077202-7c8a3999166f?ixlib=rb-1.2.1&ixid=eyJhcHBfaWQiOjEyMDd9&auto=format&fit=crop&w=800&q=60,,,
Interval Training Gyms,https://www.google.com/imgres?imgurl=https%3A%2F%2Fpreviews.123rf.com%2Fimages%2Fshevtsovy%2Fshevtsovy1612%2Fshevtsovy161200387%2F69457352-high-intensity-interval-training-workout-hiit-group-training.jpg&imgrefurl=https%3A%2F%2Fwww.123rf.com%2Fphoto_69457352_high-intensity-interval-training-workout-hiit-group-training.html&docid=VLvSV47eFcEc8M&tbnid=sPf-jDDHUaguFM%3A&vet=10ahUKEwikntql04LgAhWqpYMKHT10CVwQMwhnKBswGw..i&w=1300&h=866&bih=772&biw=1440&q=interval%20training%20gym%20royalty%20free&ved=0ahUKEwikntql04LgAhWqpYMKHT10CVwQMwhnKBswGw&iact=mrc&uact=8,,,
Martial Arts,https://images.unsplash.com/photo-1529566193698-bc394165d541?ixlib=rb-1.2.1&ixid=eyJhcHBfaWQiOjEyMDd9&auto=format&fit=crop&w=800&q=60,,,
Brazilian Jiu-jitsu,https://upload.wikimedia.org/wikipedia/commons/thumb/d/d8/ROBERTO_CYBORG_ABREU_2009_BJJ_Championships.jpg/1200px-ROBERTO_CYBORG_ABREU_2009_BJJ_Championships.jpg,,,
Chinese Martial Arts,https://cdn.pixabay.com/photo/2014/04/05/11/07/people-314516_1280.jpg,,,
Karate,https://images.unsplash.com/photo-1529630218527-7df22fc2d4ee?ixlib=rb-1.2.1&ixid=eyJhcHBfaWQiOjEyMDd9&auto=format&fit=crop&w=1652&q=80,,,
Kickboxing,https://www.pexels.com/photo/woman-punching-red-heavy-bag-161017/,,,
Muay Thai,https://unsplash.com/photos/h8sl-oNcat0,,,
Taekwondo,https://images.unsplash.com/photo-1515025617920-e1e674b5033c?ixlib=rb-1.2.1&ixid=eyJhcHBfaWQiOjEyMDd9&auto=format&fit=crop&w=800&q=60,,,
Meditation Centers,https://images.pexels.com/photos/3188/love-romantic-bath-candlelight.jpg?cs=srgb&dl=bath-bathroom-beauty-salon-3188.jpg&fm=jpg,,,
Pilates,https://unsplash.com/photos/NbpUM86Jo8Y,,,
Qi Gong,https://cdn.pixabay.com/photo/2016/08/10/17/18/qigong-1583804_960_720.jpg,,,
Self-defense Classes,https://www.sovcal.com/wp-content/uploads/2016/06/Amanda_Info_Sovcal_Benefits-of-self-defense-training-after-breaking-free-from-trauma_20160620_SLM.jpg,,,
Swimming Lessons/Schools),https://images.pexels.com/photos/346776/pexels-photo-346776.jpeg?cs=srgb&dl=active-blue-blur-346776.jpg&fm=jpg,,,
Tai Chi,http://internalwudangstore.com/wp-content/uploads/2016/04/A15-womens-tai-chi-clothing.jpg,,,
Trainers,https://www.pexels.com/photo/adult-athlete-body-bodybuilding-414029/,,,
Yoga,https://images.unsplash.com/photo-1518609571773-39b7d303a87b?ixlib=rb-1.2.1&ixid=eyJhcHBfaWQiOjEyMDd9&auto=format&fit=crop&w=1650&q=80,,,
Flyboarding,https://cdn.pixabay.com/photo/2018/08/08/21/51/flyboard-3593272_1280.jpg,,,
Go Karts,https://images.unsplash.com/photo-1508550794981-ed0e94d56589?ixlib=rb-1.2.1&ixid=eyJhcHBfaWQiOjEyMDd9&auto=format&fit=crop&w=2030&q=80,,,
Golf (golf),https://www.pexels.com/photo/grass-green-golf-golf-ball-54123/,,,
Gun/Rifle Ranges,https://www.pexels.com/photo/arms-blur-close-up-firing-370202/,,,
Gymnastics,https://www.pexels.com/photo/agility-balance-beautiful-girl-dancer-12343/,,,
Hang Gliding,https://images.pexels.com/photos/53012/glider-hang-glider-pilot-flying-53012.jpeg?auto=compress&cs=tinysrgb&dpr=2&w=500,,,
Hiking,https://images.unsplash.com/photo-1476611338391-6f395a0ebc7b?ixlib=rb-1.2.1&ixid=eyJhcHBfaWQiOjEyMDd9&auto=format&fit=crop&w=800&q=60,,,
Horse Racing,https://images.unsplash.com/photo-1509399316151-9b86c70fdd40?ixlib=rb-1.2.1&ixid=eyJhcHBfaWQiOjEyMDd9&auto=format&fit=crop&w=800&q=60,,,
,,,,
Horseback Riding,https://images.unsplash.com/photo-1508582925718-12be0cf69559?ixlib=rb-1.2.1&ixid=eyJhcHBfaWQiOjEyMDd9&auto=format&fit=crop&w=800&q=60,,,
,,,,
Hot Air Balloons,https://images.unsplash.com/photo-1497531551184-06b252e1bee1?ixlib=rb-1.2.1&ixid=eyJhcHBfaWQiOjEyMDd9&auto=format&fit=crop&w=800&q=60,,,
,,,,
Indoor Playcentre,https://images.pexels.com/photos/1096147/pexels-photo-1096147.jpeg?auto=compress&cs=tinysrgb&dpr=2&w=500,,,
,,,,
Jet Skis,https://images.unsplash.com/photo-1536228083936-4f12be38894e?ixlib=rb-1.2.1&ixid=eyJhcHBfaWQiOjEyMDd9&auto=format&fit=crop&w=800&q=60,,,
,,,,
Kids Activities,https://images.unsplash.com/photo-1471914036897-d8255336ca8a?ixlib=rb-1.2.1&ixid=eyJhcHBfaWQiOjEyMDd9&auto=format&fit=crop&w=800&q=60,,,
,,,,
Kiteboarding,https://images.unsplash.com/photo-1528258724435-7db1616bbcec?ixlib=rb-1.2.1&ixid=eyJhcHBfaWQiOjEyMDd9&auto=format&fit=crop&w=800&q=60,,,
,,,,
Lakes,https://images.pexels.com/photos/97246/pexels-photo-97246.jpeg?auto=compress&cs=tinysrgb&dpr=2&h=750&w=1260,,,
,,,,
Laser Tag,https://www.bremerhaven.de/sixcms/media.php/bhv2016.a.99.de/thumbnail_headerbild_breit/lasertag%28c%29gemeinfrei_1400.401482.jpg,,,
,,,,
Mini Golf,https://thumbs.dreamstime.com/b/miniature-golf-close-up-bat-ball-start-track-31885175.jpg,,,
,,,,
Mountain Biking,https://images.pexels.com/photos/90454/pexels-photo-90454.jpeg?auto=compress&cs=tinysrgb&dpr=2&w=500,,,
,,,,
Nudist,https://images.unsplash.com/photo-1497818875354-a68df22da828?ixlib=rb-1.2.1&ixid=eyJhcHBfaWQiOjEyMDd9&auto=format&fit=crop&w=800&q=60,,,
,,,,
Paddleboarding,https://images.pexels.com/photos/236953/pexels-photo-236953.jpeg?auto=compress&cs=tinysrgb&dpr=2&w=500,,,
,,,,
Paintball),https://cdn.pixabay.com/photo/2016/03/27/05/45/paintball-1282164_1280.jpg,,,
,,,,
Parasailing,https://www.pexels.com/photo/beach-blue-water-boats-coast-163341/,,,
,,,,
Parks,https://unsplash.com/photos/JQgEjsDaIrc,,,
Dog Parks,https://images.unsplash.com/photo-1532978825156-813974ca4450?ixlib=rb-1.2.1&ixid=eyJhcHBfaWQiOjEyMDd9&auto=format&fit=crop&w=800&q=60,,,
Skate Parks,https://images.unsplash.com/photo-1496886077455-6e206da90837?ixlib=rb-1.2.1&ixid=eyJhcHBfaWQiOjEyMDd9&auto=format&fit=crop&w=800&q=60,,,
,,,,
Playgrounds,https://unsplash.com/photos/TlAMS5k_lzs,,,
,,,,
Races & Competitions,https://images.unsplash.com/photo-1461896836934-ffe607ba8211?ixlib=rb-1.2.1&ixid=eyJhcHBfaWQiOjEyMDd9&auto=format&fit=crop&w=800&q=60,,,
,,,,
Racing Experience,https://images.unsplash.com/photo-1494364728969-273b78d90cdc?ixlib=rb-1.2.1&ixid=eyJhcHBfaWQiOjEyMDd9&auto=format&fit=crop&w=800&q=60,,,
,,,,
Rafting/Kayaking,https://www.pexels.com/photo/person-on-watercraft-near-waterfall-1761282/,,,
,,,,
Recreation Centers,https://images.pexels.com/photos/705792/pexels-photo-705792.jpeg?auto=compress&cs=tinysrgb&dpr=2&w=500,,,
,,,,
Rock Climbing,https://images.unsplash.com/photo-1529861820-012514cbd6d5?ixlib=rb-1.2.1&ixid=eyJhcHBfaWQiOjEyMDd9&auto=format&fit=crop&w=800&q=60,,,
,,,,
Sailing,https://images.unsplash.com/photo-1474917518260-23f84bd71c75?ixlib=rb-1.2.1&ixid=eyJhcHBfaWQiOjEyMDd9&auto=format&fit=crop&w=800&q=60,,,
,,,,
Scavenger Hunts,http://www.cometao.net/wp-content/uploads/2016/06/scavenger-hunt.jpg,,,
,,,,
Scooter Rentals,https://images.pexels.com/photos/1045535/pexels-photo-1045535.jpeg?auto=compress&cs=tinysrgb&dpr=2&w=500,,,
,,,,
Senior Centers,https://images.unsplash.com/photo-1494438043283-22a3c46831a4?ixlib=rb-1.2.1&ixid=eyJhcHBfaWQiOjEyMDd9&auto=format&fit=crop&w=800&q=60,,,
,,,,
Skating Rinks,https://images.unsplash.com/photo-1541241541756-ab90e3dd5553?ixlib=rb-1.2.1&ixid=eyJhcHBfaWQiOjEyMDd9&auto=format&fit=crop&w=1650&q=80,,,
,,,,
Skydiving,https://images.unsplash.com/photo-1529573603507-70ad30917905?ixlib=rb-1.2.1&ixid=eyJhcHBfaWQiOjEyMDd9&auto=format&fit=crop&w=800&q=60,,,
,,,,
Sledding,https://images.unsplash.com/photo-1542590856-1951639cc822?ixlib=rb-1.2.1&ixid=eyJhcHBfaWQiOjEyMDd9&auto=format&fit=crop&w=800&q=60,,,
,,,,
Snorkeling,https://images.unsplash.com/photo-1499242611767-cf8b9be02854?ixlib=rb-1.2.1&ixid=eyJhcHBfaWQiOjEyMDd9&auto=format&fit=crop&w=800&q=60,,,
,,,,
Soccer,https://images.unsplash.com/photo-1434648957308-5e6a859697e8?ixlib=rb-1.2.1&ixid=eyJhcHBfaWQiOjEyMDd9&auto=format&fit=crop&w=800&q=60,,,
,,,,
Sports Clubs,https://s3-media3.fl.yelpcdn.com/buphoto/OPQGOx6JlX3OUw16gDmIlw/o.jpg,,,
,,,,
Squash,https://warwick.ac.uk/services/sport/active/activities/squash/psl/squash-players.jpg,,,
,,,,
Summer Camps,https://images.unsplash.com/photo-1525404726985-f333cd05c020?ixlib=rb-1.2.1&ixid=eyJhcHBfaWQiOjEyMDd9&auto=format&fit=crop&w=800&q=60,,,
,,,,
Surfing,https://images.unsplash.com/photo-1530870110042-98b2cb110834?ixlib=rb-1.2.1&ixid=eyJhcHBfaWQiOjEyMDd9&auto=format&fit=crop&w=800&q=60,,,
,,,,
Swimming Pools,https://images.unsplash.com/photo-1536331568701-0b15cbb1a918?ixlib=rb-1.2.1&ixid=eyJhcHBfaWQiOjEyMDd9&auto=format&fit=crop&w=800&q=60,,,
,,,,
Tennis,https://images.pexels.com/photos/1432039/pexels-photo-1432039.jpeg?auto=compress&cs=tinysrgb&dpr=2&w=500,,,
,,,,
Trampoline Parks,https://www.brisbanekids.com.au/wp-content/uploads/2015/04/free-jump-01.jpg,,,
,,,,
Tubing,https://tse3.mm.bing.net/th?id=OIP.AKFKqXl-A3JqqaBHYDn01QHaD-&pid=15.1&P=0&w=313&h=169,,,
,,,,
Water Parks,https://images.unsplash.com/photo-1530982534634-7f61b1f68825?ixlib=rb-1.2.1&ixid=eyJhcHBfaWQiOjEyMDd9&auto=format&fit=crop&w=933&q=80,,,
,,,,
Wildlife Hunting Ranges,https://images.unsplash.com/photo-1481140717212-b0124736c90a?ixlib=rb-1.2.1&ixid=eyJhcHBfaWQiOjEyMDd9&auto=format&fit=crop&w=800&q=60,,,
,,,,
Ziplining,https://images.unsplash.com/photo-1531204709756-1c7a41bf8936?ixlib=rb-1.2.1&ixid=eyJhcHBfaWQiOjEyMDd9&auto=format&fit=crop&w=800&q=60,,,
,,,,
Zoos,https://images.pexels.com/photos/811486/pexels-photo-811486.jpeg?auto=compress&cs=tinysrgb&dpr=2&w=500,,,
,,,,
Petting Zoos,https://images.unsplash.com/reserve/1hyDEofHQ0OX1mRnvhqw_IMG_1324.jpg?ixlib=rb-1.2.1&ixid=eyJhcHBfaWQiOjEyMDd9&auto=format&fit=crop&w=800&q=60,,,
,,,,
Zorbing,https://st2.depositphotos.com/1066611/11319/i/450/depositphotos_113193238-stock-photo-children-have-fun-in-the.jpg,,,
Arts & Entertainment,https://images.unsplash.com/photo-1470229722913-7c0e2dbbafd3?ixlib=rb-1.2.1&ixid=eyJhcHBfaWQiOjEyMDd9&auto=format&fit=crop&w=800&q=60,,,
Arcades,https://images.unsplash.com/photo-1511882150382-421056c89033?ixlib=rb-1.2.1&ixid=eyJhcHBfaWQiOjEyMDd9&auto=format&fit=crop&w=800&q=60,,,
Art Galleries,https://images.unsplash.com/photo-1518998053901-5348d3961a04?ixlib=rb-1.2.1&ixid=eyJhcHBfaWQiOjEyMDd9&auto=format&fit=crop&w=800&q=60,,,
Bingo Halls,https://cdn.pixabay.com/photo/2015/11/15/19/49/bingo-1044718__480.jpg,,,
Botanical Gardens,https://images.pexels.com/photos/1055400/pexels-photo-1055400.jpeg?auto=compress&cs=tinysrgb&dpr=2&h=750&w=1260,,,
Cabaret,https://cdn.pixabay.com/photo/2015/02/17/08/04/cabaret-639110__480.jpg,,,
Casinos,https://images.unsplash.com/photo-1537154835319-14f43d91ea98?ixlib=rb-1.2.1&ixid=eyJhcHBfaWQiOjEyMDd9&auto=format&fit=crop&w=800&q=60,,,
Cinema,https://images.pexels.com/photos/436413/pexels-photo-436413.jpeg?auto=compress&cs=tinysrgb&dpr=2&w=500,,,
Drive-In Theater,https://images.unsplash.com/photo-1483081979849-4367277fb4d8?ixlib=rb-1.2.1&ixid=eyJhcHBfaWQiOjEyMDd9&auto=format&fit=crop&w=800&q=60,,,
Outdoor Movies,https://www.7gadgets.com/wp-content/uploads/2019/01/Indoor-and-Outdoor-Inflatable-Blow-up-Mega-Movie-Projection-Screen.jpg,,,
Country Clubs,https://media.istockphoto.com/photos/golf-green-and-tee-box-in-late-afternoon-sunlight-picture-id176834848?k=6&m=176834848&s=612x612&w=0&h=_4c50EahAyuHOt_CuS3yxZVs7zZXC4ew2FCS03pYXTo=,,,
Cultural Center,https://images.unsplash.com/photo-1449265614232-03dfc33163a0?ixlib=rb-1.2.1&ixid=eyJhcHBfaWQiOjEyMDd9&auto=format&fit=crop&w=800&q=60,,,
Entertainment,https://images.unsplash.com/photo-1507874457470-272b3c8d8ee2?ixlib=rb-1.2.1&ixid=eyJhcHBfaWQiOjEyMDd9&auto=format&fit=crop&w=1650&q=80,,,
Farms,https://images.unsplash.com/photo-1535649900424-c09963c4fd8e?ixlib=rb-1.2.1&ixid=eyJhcHBfaWQiOjEyMDd9&auto=format&fit=crop&w=800&q=60,,,
Attraction Farms,https://images.pexels.com/photos/842711/pexels-photo-842711.jpeg?auto=compress&cs=tinysrgb&dpr=2&h=750&w=1260,,,
Pick Your Own Farms,https://images.unsplash.com/photo-1461175827210-5ceac3e39dd2?ixlib=rb-1.2.1&ixid=eyJhcHBfaWQiOjEyMDd9&auto=format&fit=crop&w=800&q=60,,,
Ranches,https://images.pexels.com/photos/841303/pexels-photo-841303.jpeg?auto=compress&cs=tinysrgb&dpr=2&w=500,,,
Festivals,https://images.unsplash.com/photo-1468234847176-28606331216a?ixlib=rb-1.2.1&ixid=eyJhcHBfaWQiOjEyMDd9&auto=format&fit=crop&w=800&q=60,,,
Haunted Houses,https://cdn.pixabay.com/photo/2016/07/15/18/05/haunted-house-1519860__480.jpg,,,
Jazz & Blues,https://cdn.pixabay.com/photo/2016/09/10/11/11/jazz-1658886__480.jpg,,,
LAN Centers,https://images.pexels.com/photos/256219/pexels-photo-256219.jpeg?auto=compress&cs=tinysrgb&dpr=2&w=500,,,
Makerspaces,https://cdn.pixabay.com/photo/2016/07/28/16/26/solder-station-1548360__480.jpg,,,
Museums,https://images.unsplash.com/photo-1513038630932-13873b1a7f29?ixlib=rb-1.2.1&ixid=eyJhcHBfaWQiOjEyMDd9&auto=format&fit=crop&w=800&q=60,,,
Art Museums,https://images.unsplash.com/photo-1524014482380-0988169f598d?ixlib=rb-1.2.1&ixid=eyJhcHBfaWQiOjEyMDd9&auto=format&fit=crop&w=800&q=60,,,
Children’s Museums,https://images.pexels.com/photos/1148998/pexels-photo-1148998.jpeg?auto=compress&cs=tinysrgb&dpr=2&w=500,,,
Music Venues,https://images.unsplash.com/photo-1542705078877-e6c20f1cc300?ixlib=rb-1.2.1&ixid=eyJhcHBfaWQiOjEyMDd9&auto=format&fit=crop&w=800&q=60,,,
Observatories,https://images.unsplash.com/photo-1520944689618-80310511a6fa?ixlib=rb-1.2.1&ixid=eyJhcHBfaWQiOjEyMDd9&auto=format&fit=crop&w=800&q=60,,,
Opera & Ballet,https://images.unsplash.com/photo-1508807526345-15e9b5f4eaff?ixlib=rb-1.2.1&ixid=eyJhcHBfaWQiOjEyMDd9&auto=format&fit=crop&w=800&q=60,,,
Paint & Sip,https://tse2.mm.bing.net/th?id=OIP.VrOGsscgefMisSnht_ly1QHaE7&pid=15.1&P=0&w=248&h=166,,,
Performing Arts,https://images.unsplash.com/photo-1488779382325-da88fd3175e5?ixlib=rb-1.2.1&ixid=eyJhcHBfaWQiOjEyMDd9&auto=format&fit=crop&w=800&q=60,,,
Planetarium,https://clkde.tradedoubler.com/click?p=264311&a=3045532&g=24328740&url=https://stock.adobe.com/images/a-breathtaking-fulldome-digital-projection-at-the-planetarium/212037443?as_channel=affiliate&as_campaign=pexels&as_source=arvato,,,
Professional Sports Teams,https://images.pexels.com/photos/270085/pexels-photo-270085.jpeg?auto=compress&cs=tinysrgb&dpr=2&w=500,,,
Race Tracks,https://images.pexels.com/photos/1571882/pexels-photo-1571882.jpeg?auto=compress&cs=tinysrgb&dpr=2&w=500,,,
Rodeo,https://images.unsplash.com/photo-1508279822117-db3deb598fd1?ixlib=rb-1.2.1&auto=format&fit=crop&w=800&q=60,,,
Social Clubs,https://images.unsplash.com/photo-1523240795612-9a054b0db644?ixlib=rb-1.2.1&ixid=eyJhcHBfaWQiOjEyMDd9&auto=format&fit=crop&w=800&q=60,,,
Veterans Organizations,https://images.unsplash.com/photo-1525994449609-94f84bec86b1?ixlib=rb-1.2.1&ixid=eyJhcHBfaWQiOjEyMDd9&auto=format&fit=crop&w=800&q=60,,,
Stadiums & Arenas,https://images.unsplash.com/photo-1530176784432-ceef46d9a34d?ixlib=rb-1.2.1&ixid=eyJhcHBfaWQiOjEyMDd9&auto=format&fit=crop&w=800&q=60,,,
Studio Taping,https://images.pexels.com/photos/690779/pexels-photo-690779.jpeg?auto=compress&cs=tinysrgb&dpr=2&h=750&w=1260,,,
Supernatural Readings,https://images.unsplash.com/photo-1515695831654-0885b1e4f502?ixlib=rb-1.2.1&ixid=eyJhcHBfaWQiOjEyMDd9&auto=format&fit=crop&w=800&q=60,,,
Astrologers,https://images.unsplash.com/photo-1515942661900-94b3d1972591?ixlib=rb-1.2.1&ixid=eyJhcHBfaWQiOjEyMDd9&auto=format&fit=crop&w=800&q=60,,,
Mystics,https://images.pexels.com/photos/327509/pexels-photo-327509.jpeg?auto=compress&cs=tinysrgb&dpr=2&w=500,,,
Psychic Mediums,https://images.unsplash.com/photo-1509457116354-df6d9c7c072d?ixlib=rb-1.2.1&ixid=eyJhcHBfaWQiOjEyMDd9&auto=format&fit=crop&w=800&q=60,,,
Psychics,https://images.unsplash.com/photo-1536574241379-64089233bd12?ixlib=rb-1.2.1&ixid=eyJhcHBfaWQiOjEyMDd9&auto=format&fit=crop&w=800&q=60,,,
Ticket Sales,https://images.pexels.com/photos/34577/pexels-photo.jpg?auto=compress&cs=tinysrgb&dpr=2&w=500,,,
Virtual Reality Centers,https://images.pexels.com/photos/834949/pexels-photo-834949.jpeg?auto=compress&cs=tinysrgb&dpr=2&w=500,,,
Wineries,https://images.unsplash.com/photo-1516594915697-87eb3b1c14ea?ixlib=rb-1.2.1&ixid=eyJhcHBfaWQiOjEyMDd9&auto=format&fit=crop&w=1650&q=80,,,
Wine Tasting Room,https://images.unsplash.com/photo-1513618827672-0d7c5ad591b1?ixlib=rb-1.2.1&ixid=eyJhcHBfaWQiOjEyMDd9&auto=format&fit=crop&w=1650&q=80,,,
Beauty & Spas,,,,
Acne Treatment,,,,
Barbers,,,,
Cosmetics & Beauty Supply,,,,
Day Spas,,,,
Eyebrow Services,,,,
Eyelash Service,,,,
Hair Extensions,,,,
Hair Loss Centers,,,,
Hair Removal,,,,
Laser Hair Removal,,,,
Sugaring,,,,
Threading Services,,,,
Waxing,,,,
Hair Salons,,,,
Blow Dry/Out Services,,,,
Hair Extensions,,,,
Hair Stylists,,,,
Kids Hair Salon,,,,
Men’s Hair Salons,,,,
Hot Springs,,,,
Makeup Artists,,,,
Massage,,,,
Medical Spas,,,,
Aestheticians,,,,
Nail Salons,,,,
Nail Technicians,,,,
Perfume,,,,
Permanent Makeup,,,,
Piercing,,,,
Skin Care,,,,
Estheticians,,,,
Tanning,,,,
Spray Tanning,,,,
Tanning Beds,,,,
Tattoo,,,,
Teeth Whitening,,,,
Financial Services,,,,
Banks & Credit Unions,,,,
Business Financing,,,,
Check Cashing/Pay-day Loans,,,,
Currency Exchange,,,,
Debt Relief Services,,,,
Financial Advising,,,,
Installment Loans,,,,
Insurance,,,,
Auto Insurance,,,,
Home & Rental Insurance,,,,
Life Insurance,,,,
Investing,,,,
Mortgage Lenders,,,,
Tax Services,,,,
Title Loans,,,,
Food,https://images.unsplash.com/photo-1504754524776-8f4f37790ca0?ixlib=rb-1.2.1&ixid=eyJhcHBfaWQiOjEyMDd9&auto=format&fit=crop&w=800&q=60,,,
Acai Bowls,https://images.pexels.com/photos/1656831/pexels-photo-1656831.jpeg?auto=compress&cs=tinysrgb&dpr=2&w=500,,,
Bagels,https://images.unsplash.com/photo-1518562923427-19e694fbd8e9?ixlib=rb-1.2.1&ixid=eyJhcHBfaWQiOjEyMDd9&auto=format&fit=crop&w=800&q=60,,,
Bakeries,https://images.pexels.com/photos/205961/pexels-photo-205961.jpeg?auto=compress&cs=tinysrgb&dpr=2&w=500,,,
"Beer, Wine & Spirits",https://images.pexels.com/photos/1005642/pexels-photo-1005642.jpeg?auto=compress&cs=tinysrgb&dpr=2&w=500,,,
Beverage Store,https://images.pexels.com/photos/811108/pexels-photo-811108.jpeg?auto=compress&cs=tinysrgb&dpr=2&w=500,,,
Breweries,https://images.unsplash.com/photo-1532634740-6837b2a21d39?ixlib=rb-1.2.1&ixid=eyJhcHBfaWQiOjEyMDd9&auto=format&fit=crop&w=800&q=60,,,
Brewpubs,https://cdn.pixabay.com/photo/2018/09/19/04/17/beer-3687802__480.jpg,,,
Bubble Tea,https://images.unsplash.com/photo-1541696490-8744a5dc0228?ixlib=rb-1.2.1&ixid=eyJhcHBfaWQiOjEyMDd9&auto=format&fit=crop&w=800&q=60,,,
Butcher,https://images.unsplash.com/photo-1511018055524-56183e65e850?ixlib=rb-1.2.1&ixid=eyJhcHBfaWQiOjEyMDd9&auto=format&fit=crop&w=800&q=60,,,
CSA,https://images.unsplash.com/photo-1468408908883-029a25e230c1?ixlib=rb-1.2.1&ixid=eyJhcHBfaWQiOjEyMDd9&auto=format&fit=crop&w=800&q=60,,,
Chimney Cakes,http://www.vancitybuzz.com/wp-content/uploads/2016/05/skinny-chimney-cakes-984x500.jpg,,,
Cideries,https://www.ciderculture.com/wp-content/uploads/2019/01/CiderCon-2018-CiderShare-68.jpg,,,
Coffee & Tea,https://images.unsplash.com/photo-1491720731493-223f97d92c21?ixlib=rb-1.2.1&ixid=eyJhcHBfaWQiOjEyMDd9&auto=format&fit=crop&w=800&q=60,,,
Coffee Roasteries,https://images.unsplash.com/photo-1534189275975-0de973fe7365?ixlib=rb-1.2.1&ixid=eyJhcHBfaWQiOjEyMDd9&auto=format&fit=crop&w=800&q=60,,,
Convenience Stores,https://cdn.pixabay.com/photo/2017/08/05/13/31/building-2583628__480.jpg,,,
Cupcakes,https://images.unsplash.com/photo-1514056052883-d017fddd0426?ixlib=rb-1.2.1&ixid=eyJhcHBfaWQiOjEyMDd9&auto=format&fit=crop&w=800&q=60,,,
Custom Cakes,https://images.pexels.com/photos/69817/france-confectionery-raspberry-cake-fruit-69817.jpeg?auto=compress&cs=tinysrgb&dpr=2&w=500,,,
Desserts,https://images.pexels.com/photos/205961/pexels-photo-205961.jpeg?auto=compress&cs=tinysrgb&dpr=2&w=500,,,
Distilleries,https://images.pexels.com/photos/1267361/pexels-photo-1267361.jpeg?auto=compress&cs=tinysrgb&dpr=2&w=500,,,
Do-It-Yourself Food,https://images.pexels.com/photos/1813504/pexels-photo-1813504.jpeg?auto=compress&cs=tinysrgb&dpr=2&w=500,,,
Donuts,https://images.unsplash.com/photo-1527904324834-3bda86da6771?ixlib=rb-1.2.1&ixid=eyJhcHBfaWQiOjEyMDd9&auto=format&fit=crop&w=800&q=60,,,
Empanadas,https://images.pexels.com/photos/230125/pexels-photo-230125.jpeg?auto=compress&cs=tinysrgb&dpr=2&w=500,,,
Farmers Market,https://images.pexels.com/photos/95425/pexels-photo-95425.jpeg?auto=compress&cs=tinysrgb&dpr=2&h=750&w=1260,,,
Food Delivery Services,http://rbk.h-cdn.co/assets/cm/14/49/547ef1fdebbf7_-_diet-delivery-man-xlsynd.jpg,,,
Food Trucks,https://images.unsplash.com/photo-1513640127641-49ba81f8305c?ixlib=rb-1.2.1&ixid=eyJhcHBfaWQiOjEyMDd9&auto=format&fit=crop&w=800&q=60,,,
Gelato,https://images.unsplash.com/photo-1494078683441-c860e1e95f28?ixlib=rb-1.2.1&ixid=eyJhcHBfaWQiOjEyMDd9&auto=format&fit=crop&w=800&q=60,,,
Grocery,https://images.unsplash.com/photo-1506617420156-8e4536971650?ixlib=rb-1.2.1&ixid=eyJhcHBfaWQiOjEyMDd9&auto=format&fit=crop&w=800&q=60,,,
Honey,https://images.unsplash.com/photo-1536788567643-8c2368376526?ixlib=rb-1.2.1&ixid=eyJhcHBfaWQiOjEyMDd9&auto=format&fit=crop&w=800&q=60,,,
Ice Cream & Frozen Yogurt,https://images.unsplash.com/photo-1498190338361-82055e010b39?ixlib=rb-1.2.1&ixid=eyJhcHBfaWQiOjEyMDd9&auto=format&fit=crop&w=800&q=60,,,
Imported Food,https://images.pexels.com/photos/1640773/pexels-photo-1640773.jpeg?auto=compress&cs=tinysrgb&dpr=2&h=750&w=1260,,,
International Grocery,https://images.unsplash.com/photo-1521097384973-2fbcdc69f31a?ixlib=rb-1.2.1&ixid=eyJhcHBfaWQiOjEyMDd9&auto=format&fit=crop&w=800&q=60,,,
Internet Cafes,https://images.pexels.com/photos/1015568/pexels-photo-1015568.jpeg?auto=compress&cs=tinysrgb&dpr=2&w=500,,,
Juice Bars & Smoothies,,,,
Kombucha,,,,
Organic Stores,,,,
Patisserie/Cake Shop,,,,
Piadina,,,,
Poke,,,,
Pretzels,,,,
Shaved Ice,,,,
Shaved Snow,,,,
Smokehouse,,,,
Specialty Food,,,,
Candy Stores,,,,
Cheese Shops,,,,
Chocolatiers & Shops,,,,
Fruits & Veggies,,,,
Health Markets,,,,
Herbs & Spices,,,,
Macarons,,,,
Meat Shops,,,,
Olive Oil,,,,
Pasta Shops,,,,
Popcorn Shops,,,,
Seafood Markets,,,,
Street Vendors,,,,
Tea Rooms,,,,
Water Stores,,,,
Wineries,,,,
Wine Tasting Room,,,,
Health & Medical,,,,
Health & Medical,,,,
Acupuncture,,,,
Alternative Medicine,,,,
Animal Assisted Therapy,,,,
Assisted Living Facilities,,,,
Ayurveda,,,,
Behavior Analysts,,,,
Blood & Plasma Donation Centers,,,,
Body Contouring,,,,
Cannabis Clinics,,,,
Cannabis Tours,,,,
Cannabis Collective,,,,
Chiropractors,,,,
Colonics,,,,
Concierge Medicine,,,,
Counseling & Mental Health,,,,
Psychologists,,,,
Sex Therapists,,,,
Sports Psychologists,,,,
Cryotherapy,,,,
Dental Hygienists,,,,
Dentists,,,,
Cosmetic Dentists,,,,
Endodontists,,,,
General Dentistry,,,,
Oral Surgeons,,,,
Orthodontists,,,,
Pediatric Dentists,,,,
Periodontists,,,,
Diagnostic Services,,,,
Diagnostic Imaging,,,,
Laboratory Testing,,,,
Dialysis Clinics,,,,
Dietitians,,,,
Doctors,,,,
Addiction Medicine,,,,
Allergists,,,,
Anesthesiologists,,,,
Audiologist,,,,
Cardiologists,,,,
Cosmetic Surgeons,,,,
Dermatologists,,,,
Ear Nose & Throat,,,,
Emergency Medicine,,,,
Endocrinologists,,,,
Family Practice,,,,
Fertility,,,,
Gastroenterologist,,,,
Geneticists,,,,
Gerontologists,,,,
Hepatologists,,,,
Hospitalists,,,,
Immunodermatologists,,,,
Infectious Disease Specialists,,,,
Internal Medicine,,,,
Naturopathic/Holistic,,,,
Nephrologists,,,,
Neurologist,,,,
Neuropathologists,,,,
Neurotologists,,,,
Obstetricians & Gynecologists,,,,
Oncologist,,,,
Ophthalmologists,,,,
Retina Specialists,,,,
Orthopedists,,,,
Osteopathic Physicians,,,,
Otologists,,,,
Pain Management,,,,
Pathologists,,,,
Pediatricians,,,,
Phlebologists,,,,
Plastic Surgeons,,,,
Podiatrists,,,,
Preventive Medicine,,,,
Proctologists,,,,
Psychiatrists,,,,
Pulmonologist,,,,
Radiologists,,,,
Rheumatologists,,,,
Spine Surgeons,,,,
Sports Medicine,,,,
Surgeons,,,,
Tattoo Removal,,,,
Toxicologists,,,,
Undersea/Hyperbaric Medicine,,,,
Urologists,,,,
Vascular Medicine,,,,
Doulas,,,,
Emergency Rooms,,,,
Float Spa,,,,
Habilitative Services,,,,
Halfway Houses,,,,
Halotherapy,,,,
Health Coach,,,,
Health Insurance Offices,,,,
Hearing Aid Providers,,,,
Herbal Shops,,,,
Home Health Care,,,,
Hospice,,,,
Hospitals,,,,
Hydrotherapy,,,,
Hypnosis/Hypnotherapy,,,,
IV Hydration,,,,
Lactation Services,,,,
Laser Eye Surgery/Lasik,,,,
Lice Services,,,,
Massage Therapy,,,,
Medical Cannabis Referrals,,,,
Medical Centers,,,,
Walk-in Clinics,,,,
Medical Spas,,,,
Medical Transportation,,,,
Memory Care,,,,
Midwives,,,,
Nurse Practitioner,,,,
Nutritionists,,,,
Occupational Therapy,,,,
Optometrists,,,,
Organ & Tissue Donor Services,,,,
Orthotics,,,,
Oxygen Bars,,,,
Personal Care Services,,,,
Pharmacy,,,,
Physical Therapy,,,,
Placenta Encapsulations,,,,
Prenatal/Perinatal Care,,,,
Prosthetics,,,,
Prosthodontists,,,,
Reflexology,,,,
Rehabilitation Center,,,,
Reiki,,,,
Retirement Homes,,,,
Saunas,,,,
Skilled Nursing,,,,
Sleep Specialists,,,,
Speech Therapists,,,,
Sperm Clinic,,,,
Traditional Chinese Medicine,,,,
Tui Na,,,,
Ultrasound Imaging Centers,,,,
Urgent Care,,,,
Weight Loss Centers,,,,
Hotels & Travel,,,,
,,,,
,,Airports,,
,,Airport Terminals,,
,,Bed & Breakfast,,
,,Campgrounds,,
,,Car Rental,,
,,Guest Houses,,
,,Health Retreats,,
,,Hostels,,
,,Hotels,,
,,Mountain Huts,,
,,Rest Stops,,
,,Motorcycle Rental,,
,,RV Parks,,
,,RV Rental,,
,,Resorts,,
,,Ski Resorts,,
,,Tours,,
,,Aerial Tours,,
,,Architectural Tours,,
,,Art Tours,,
,,Beer Tours,,
,,Bike tours,,
,,Boat Tours,,
,,Bus Tours,,
,,Food Tours,,
,,Historical Tours,,
,,Scooter Tours,,
,,Walking Tours,,
,,Whale Watching Tours,,
,,Wine Tours,,
,,Train Stations,,
,,Transportation,,
,,Airlines,,
,,Airport Shuttles,,
,,Bike Sharing,,
,,Bus Stations,,
,,Buses,,
,,Cable Cars,,
,,Ferries,,
,,Limos,,
,,Metro Stations,,
,,Pedicabs,,
,,Private Jet Charter,,
,,Public Transportation,,
,,Taxis,,
,,Town Car Service,,
,,Trains,,
,,Travel Services,,
,,Luggage Storage,,
,,Passport & Visa Services,,
,,Travel Agents,,
,,Visitor Centers,,
,,Vacation Rental Agents,,
,,Vacation Rentals,,
Local Flavor,,,,
,Local Flavor,,,
,,Parklets,,
,,Public Art,,
,,Unofficial Yelp Events,,
,,Yelp Events,,
Local Services,,,,
,Local Services,,,
,,3D Printing,,
,,Adoption Services,,
,,Air Duct Cleaning,,
,,Appliances & Repair,,
,,Appraisal Services,,
,,Art Restoration,,
,,Awnings,,
,,Bail Bondsmen,,
,,Bike Repair/Maintenance,,
,,Bookbinding,,
,,Bus Rental,,
,,Calligraphy,,
,,Carpet Cleaning,,
,,Carpet Dyeing,,
,,Child Care & Day Care,,
,,Clock Repair,,
,,Community Book Box,,
,,Community Gardens,,
,,Community Service/Non-Profit,,
,,Food Banks,,
,,Homeless Shelters,,
,,Couriers & Delivery Services,,
,,Crane Services,,
,,Donation Center,,
,,Elder Care Planning,,
,,Electronics Repair,,
,,Engraving,,
,,Environmental Abatement,,
,,Environmental Testing,,
,,Farm Equipment Repair,,
,,Fingerprinting,,
,,Funeral Services & Cemeteries,,
,,Cremation Services,,
,,Mortuary Services,,
,,Furniture Rental,,
,,Furniture Repair,,
,,Furniture Reupholstery,,
,,Generator Installation/Repair,,
,,Gunsmith,,
,,Hazardous Waste Disposal,,
,,Hydro-jetting,,
,,IT Services & Computer Repair,,
,,Data Recovery,,
,,Mobile Phone Repair,,
,,Telecommunications,,
,,Ice Delivery,,
,,Jewelry Repair,,
,,Junk Removal & Hauling,,
,,Dumpster Rental,,
,,Junkyards,,
,,Knife Sharpening,,
,,Laundry Services,,
,,Dry Cleaning,,
,,Laundromat,,
,,Machine & Tool Rental,,
,,Machine Shops,,
,,Mailbox Centers,,
,,Metal Detector Services,,
,,Metal Fabricators,,
,,Misting System Services,,
,,Musical Instrument Services,,
,,Guitar Stores,,
,,Piano Services,,
,,Piano Stores,,
,,Vocal Coach,,
,,Nanny Services,,
,,Notaries,,
,,Pest Control,,
,,Powder Coating,,
,,Printing Services,,
,,Propane,,
,,Recording & Rehearsal Studios,,
,,Recycling Center,,
,,Sandblasting,,
,,Screen Printing,,
,,Screen Printing/T-Shirt Printing,,
,,Self Storage,,
,,Septic Services,,
,,Sewing & Alterations,,
,,Shipping Centers,,
,,Shoe Repair,,
,,Shoe Shine,,
,,Snow Removal,,
,,Snuggle Services,,
,,TV Mounting,,
,,Watch Repair,,
,,Water Delivery,,
,,Well Drilling,,
,,Wildlife Control,,
Nightlife,,,,
,Nightlife,,,
,,Adult Entertainment,,
,,Strip Clubs,,
,,Striptease Dancers,,
,,Bar Crawl,,
,,Bars,,
,,Airport Lounges,,
,,Beer Bar,,
,,Champagne Bars,,
,,Cigar Bars,,
,,Cocktail Bars,,
,,Dive Bars,,
,,Drive-Thru Bars,,
,,Gay Bars,,
,,Hookah Bars,,
,,Irish Pub,,
,,Lounges,,
,,Pubs,,
,,Speakeasies,,
,,Sports Bars,,
,,Tiki Bars,,
,,Vermouth Bars,,
,,Whiskey Bars,,
,,Wine Bars,,
,,Beer Gardens,,
,,Club Crawl,,
,,Comedy Clubs,,
,,Country Dance Halls,,
,,Dance Clubs,,
,,Jazz & Blues,,
,,Karaoke,,
,,Music Venues,,
,,Piano Bars,,
,,Pool Halls,,
Religious Organizations,,,,
,Religious Organizations,,,
,,Buddhist Temples,,https://cdn.pixabay.com/photo/2013/07/18/20/26/byodo-in-165059__480.jpg
,,Churches,,https://cdn.pixabay.com/photo/2018/06/17/19/12/church-3481187__480.jpg
,,Hindu Temples,,https://cdn.pixabay.com/photo/2016/02/19/09/59/taj-mahal-1209004__480.jpg
,,Mosques,,https://cdn.pixabay.com/photo/2018/12/31/18/27/mosque-3905675__480.jpg
,,Sikh Temples,,https://cdn.pixabay.com/photo/2014/07/20/16/08/golden-temple-397886__480.jpg
,,Synagogues,,https://cdn.pixabay.com/photo/2014/09/24/00/10/synagogue-458369__480.jpg
Restaurants,,,,
,,,,
,,Afghan,,
,,African,,
,,Senegalese,,
,,South African,,
,,American (New),,
,,American (Traditional),,
,,Arabian,,
,,Argentine,,
,,Armenian,,
,,Asian Fusion,,
,,Australian,,
,,Austrian,,
,,Bangladeshi,,
,,Barbeque,,
,,Basque,,
,,Belgian,,
,,Brasseries,,
,,Brazilian,,
,,Breakfast & Brunch,,
,,British,,
,,Buffets,,
,,Burgers,,
,,Burmese,,
,,Cafes,,
,,Themed Cafes,,
,,Cafeteria,,
,,Cajun/Creole,,
,,Cambodian,,
,,Caribbean,,
,,Dominican,,
,,Haitian,,
,,Puerto Rican,,
,,Trinidadian,,
,,Catalan,,
,,Cheesesteaks,,
,,Chicken Shop,,
,,Chicken Wings,,
,,Chinese,,
,,Cantonese,,
,,Dim Sum,,
,,Hainan,,
,,Shanghainese,,
,,Szechuan,,
,,Comfort Food,,
,,Creperies,,
,,Cuban,,
,,Czech,,
,,Delis,,
,,Diners,,
,,Dinner Theater,,
,,Ethiopian,,
,,Fast Food,,
,,Filipino,,
,,Fish & Chips,,
,,Fondue,,
,,Food Court,,
,,Food Stands,,
,,French,,
,,Mauritius,,
,,Reunion,,
,,Game Meat,,
,,Gastropubs,,
,,German,,
,,Gluten-Free,,
,,Greek,,
,,Guamanian,,
,,Halal,,
,,Hawaiian,,
,,Himalayan/Nepalese,,
,,Honduran,,
,,Hong Kong Style Cafe,,
,,Hot Dogs,,
,,Hot Pot,,
,,Hungarian,,
,,Iberian,,
,,Indian,,
,,Indonesian,,
,,Irish,,
,,Italian,,
,,Calabrian,,
,,Sardinian,,
,,Sicilian,,
,,Tuscan,,
,,Japanese,,
,,Conveyor Belt Sushi,,
,,Izakaya,,
,,Japanese Curry,,
,,Ramen,,
,,Teppanyaki,,
,,Kebab,,
,,Korean,,
,,Kosher,,
,,Laotian,,
,,Latin American,,
,,Colombian,,
,,Salvadoran,,
,,Venezuelan,,
,,Live/Raw Food,,
,,Malaysian,,
,,Mediterranean,,
,,Falafel,,
,,Mexican,,
,,Tacos,,
,,Middle Eastern,,
,,Egyptian,,
,,Lebanese,,
,,Modern European,,
,,Mongolian,,
,,Moroccan,,
,,New Mexican Cuisine,,
,,Nicaraguan,,
,,Noodles,,
,,Pakistani,,
,,Pan Asia,,
,,Persian/Iranian,,
,,Peruvian,,
,,Pizza,,
,,Polish,,
,,Polynesian,,
,,Pop-Up Restaurants,,
,,Portuguese,,
,,Poutineries,,
,,Russian,,
,,Salad,,
,,Sandwiches,,
,,Scandinavian,,
,,Scottish,,
,,Seafood,,
,,Singaporean,,
,,Slovakian,,
,,Soul Food,,
,,Soup,,
,,Southern,,
,,Spanish,,
,,Sri Lankan,,
,,Steakhouses,,
,,Supper Clubs,,
,,Sushi Bars,,
,,Syrian,,
,,Taiwanese,,
,,Tapas Bars,,
,,Tapas/Small Plates,,
,,Tex-Mex,,
,,Thai,,
,,Turkish,,
,,Ukrainian,,
,,Uzbek,,
,,Vegan,,
,,Vegetarian,,
,,Vietnamese,,
,,Waffles,,
,,Wraps,,
Shopping,,,,
Adult,,,,
Antiques,,,,
Art Galleries,,,,
Arts & Crafts,,,,
Art Supplies,,,,
Cards & Stationery,,,,
Cooking Classes,,,,
Costumes,,,,
Embroidery & Crochet,,,,
Fabric Stores,,,,
Framing,,,,
Paint-Your-Own Pottery,,,,
Auction Houses,,,,
Baby Gear & Furniture,,,,
Battery Stores,,,,
Bespoke Clothing,,,,
"Books, Mags, Music & Video",,,,
Bookstores,,,,
Comic Books,,,,
Music & DVDs,,,,
Newspapers & Magazines,,,,
Video Game Stores,,,,
Videos & Video Game Rental,,,,
Vinyl Records,,,,
Brewing Supplies,,,,
Bridal,,,,
Cannabis Dispensaries,,,,
Computers,,,,
Cosmetics & Beauty Supply,,,,
Customized Merchandise,,,,
Department Stores,,,,
Discount Storeurg,,,,
Drones,,,,
Drugstores,,,,
Duty-Free Shops,,,,
Electronics,,,,
Eyewear & Opticians,,,,
Sunglasses,,,,
Farming Equipment,,,,
Fashion,,,,
Accessories,,,,
Ceremonial Clothing,,,,
Children’s Clothing,,,,
Clothing Rental,,,,
Department Stores,,,,
Formal Wear,,,,
Fur Clothing,,,,
Hats,,,,
Leather Goods,,,,
Lingerie,,,,
Maternity Wear,,,,
Men’s Clothing,,,,
Plus Size Fashion,,,,
Shoe Stores,,,,
Sports Wear,,,,
Dance Wear,,,,
Surf Shop,,,,
Swimwear,,,,
Traditional Clothing,,,,
"Used, Vintage & Consignment",,,,
Women’s Clothing,,,,
Fireworks,,,,
Fitness/Exercise Equipment,,,,
Flea Markets,,,,
Flowers & Gifts,,,,
Cards & Stationery,,,,
Florists,,,,
Gift Shops,,,,
Gemstones & Minerals,,,,
Gold Buyers,,,,
Guns & Ammo,,,,
Head Shops,,,,
High Fidelity Audio Equipment,,,,
Hobby Shops,,,,
Home & Garden,,,,
Appliances,,,,
Candle Stores,,,,
Christmas Trees,,,,
Furniture Stores,,,,
Grilling Equipment,,,,
Hardware Stores,,,,
Holiday Decorations,,,,
Home Decor,,,,
Hot Tub & Pool,,,,
Kitchen & Bath,,,,
Kitchen Supplies,,,,
Lighting Stores,,,,
Mattresses,,,,
Nurseries & Gardening,,,,
Hydroponics,,,,
Outdoor Furniture Stores,,,,
Paint Stores,,,,
Playsets,,,,
Pumpkin Patches,,,,
Rugs,,,,
Tableware,,,,
Horse Equipment Shops,,,,
Jewelry,,,,
Knitting Supplies,,,,
Livestock Feed & Supply,,,,
Luggage,,,,
Medical Supplies,,,,
Military Surplus,,,,
Mobile Phone Accessories,,,,
Mobile Phones,,,,
Motorcycle Gear,,,,
Musical Instruments & Teachers,,,,
Office Equipment,,,,
Outlet Stores,,,,
Packing Supplies,,,,
Pawn Shops,,,,
Perfume,,,,
Personal Shopping,,,,
Photography Stores & Services,,,,
Pool & Billiards,,,,
Pop-up Shops,,,,
Props,,,,
Public Markets,,,,
Religious Items,,,,
Safe Stores,,,,
Safety Equipment,,,,
Shopping Centers,,,,
Souvenir Shops,,,,
Spiritual Shop,,,,
Sporting Goods,,,,
Bikes,,,,
Dive Shops,,,,
Golf Equipment,,,,
Hockey Equipment,,,,
Hunting & Fishing Supplies,,,,
Outdoor Gear,,,,
Skate Shops,,,,
Ski & Snowboard Shops,,,,
Sports Wear,,,,
Dance Wear,,,,
Tabletop Games,,,,
Teacher Supplies,,,,
Thrift Stores,,,,
Tobacco Shops,,,,
Toy Stores,,,,
Trophy Shops,,,,
Uniforms,,,,
Used Bookstore,,,,
Vape Shops,,,,
Vitamins & Supplements,,,,
Watches,,,,
Wholesale Stores,,,,
Wigs,,,,