category,image_url
Active Life,https://images.unsplash.com/photo-1501389446297-06c4c50b5ee8?ixlib=rb-1.2.1&ixid=eyJhcHBfaWQiOjEyMDd9&auto=format&fit=crop&w=800&q=60
Airsoft,https://www.pexels.com/photo/person-holding-black-pump-shotgun-669283/
Amateur Sports Team,https://www.pexels.com/photo/people-at-a-sports-field-1799242/
Amusement Parks,https://www.pexels.com/photo/black-and-white-ferris-wheel-1782146/
Aquariums,https://www.pexels.com/photo/gray-fish-889929/
Archery,https://images.pexels.com/photos/262438/pexels-photo-262438?cs=srgb&dl=abstract-accuracy-accurate-262438&fm=jpg
ATV Rentals Tours,https://www.pexels.com/photo/line-of-men-riding-on-all-terrain-vehicles-holding-out-hand-in-a-fist-910623/
Axe Throwing,https://www.pexels.com/photo/axe-on-tree-trunk-203553/
Badminton,https://www.pexels.com/photo/blue-badminton-racket-with-shuttlecock-115016/
Baseball Fields,https://www.pexels.com/photo/aerial-view-of-sports-stadium-during-daytime-139762/
Basketball Courts,https://www.pexels.com/photo/basketball-park-1607855/
Batting Cages,https://www.pexels.com/photo/green-ball-on-sand-257970/
Beach Equipment Rentals,https://www.pexels.com/photo/safety-buoy-6127/
Beaches,https://images.pexels.com/photos/994605/pexels-photo-994605?cs=srgb&dl=beach-clouds-daytime-994605&fm=jpg
Bike Parking,https://www.pexels.com/photo/red-cruiser-bike-parked-on-metal-bike-stand-805303/
Bike Rentals,https://www.pexels.com/photo/parked-red-and-white-bicycles-674735/
Boating,https://www.pexels.com/photo/woman-wearing-black-cap-holding-bottle-on-white-speedboat-during-daytime-209978/
Bobsledding,https://pixabay.com/en/bobsled-team-run-olympics-ice-643397/
Bocce Ball,https://pixabay.com/en/bocce-balls-cabin-2246360/
Bowling,https://www.pexels.com/photo/sport-alley-ball-game-4192/
Bubble Soccer,https://www.google.com/url?sa=i&source=images&cd=&cad=rja&uact=8&ved=2ahUKEwjs89aVyoLgAhVvmK0KHfSkAQAQjRx6BAgBEAU&url=https%3A%2F%2Factionindoor.com%2Fbubble-soccer&psig=AOvVaw224srdLr9UFRS0j78GXpYl&ust=1548287363552144
Bungee Jumping,https://pixabay.com/en/sports-bungee-bungee-jumping-jump-217238/
Carousels,https://unsplash.com/photos/X2W5Jml4flE
Challenge Courses,https://unsplash.com/photos/6n4cDxbeINs
Climbing,https://unsplash.com/photos/IQxcuHBF7Uo
Cycling Classes,https://media.istockphoto.com/photos/spinning-class-picture-id517077977?k=6&m=517077977&s=612x612&w=0&h=lBiqRZHEbfYE7PAEZ9FLoLG6NxpwStVgQ5rcH9QCTBo=
Day Camps,https://unsplash.com/photos/Tx7_T5TZNrY
Disc Golf,https://www.google.com/url?sa=i&source=images&cd=&cad=rja&uact=8&ved=2ahUKEwjxr7LezYLgAhVSMqwKHS6IDM0QjRx6BAgBEAU&url=https%3A%2F%2Fwww.istockphoto.com%2Fphotos%2Fdisc-golf&psig=AOvVaw3YIWsc43Cjh-X1YRx6vJCD&ust=1548288353762404
Diving,https://unsplash.com/photos/dtCTfjTEOgg
Free Diving,https://unsplash.com/photos/nb2l7FmbSdA
Scuba Diving,https://unsplash.com/photos/gcG_b9ijyqU
Escape Games,https://www.pexels.com/photo/light-sky-space-abstract-40748/
Fencing Clubs,https://images.unsplash.com/photo-1487491444334-76fa4a099351?ixlib=rb-1.2.1&ixid=eyJhcHBfaWQiOjEyMDd9&auto=format&fit=crop&w=1650&q=80
Fishing,https://images.unsplash.com/photo-1529230117010-b6c436154f25?ixlib=rb-1.2.1&ixid=eyJhcHBfaWQiOjEyMDd9&auto=format&fit=crop&w=800&q=60
Fitness & Instruction,https://images.unsplash.com/photo-1517963628607-235ccdd5476c?ixlib=rb-1.2.1&ixid=eyJhcHBfaWQiOjEyMDd9&auto=format&fit=crop&w=800&q=60
Aerial Fitness,https://d2gg9evh47fn9z.cloudfront.net/800px_COLOURBOX4648035.jpg
Barre Classes,http://assets.inarkansas.com/48511/pure-barre.jpg
Boot Camps,https://www.fitnessgymyoga.com/wp-content/uploads/2018/01/fitness-boot-camp-stock-photo-565849zutg2b-luxury-boot-camp-of-fitness-boot-camp-stock-photo-907260k-849565.jpg
Boxing,https://images.pexels.com/photos/1253596/pexels-photo-1253596.jpeg?auto=compress&cs=tinysrgb&dpr=2&w=500
Cardio Classes,https://www.pexels.com/photo/women-s-assorted-sports-bras-raising-their-pink-dumbbells-864990/
Dance Studios,https://cdn.pixabay.com/photo/2014/11/11/15/24/gym-526996_1280.jpg
Golf Lessons,https://www.pexels.com/photo/woman-holding-golf-club-near-man-1325652/
Gyms,https://images.unsplash.com/photo-1519859660545-3dea8ddf683c?ixlib=rb-1.2.1&ixid=eyJhcHBfaWQiOjEyMDd9&auto=format&fit=crop&w=2089&q=80
Circuit Training Gyms,https://images.unsplash.com/photo-1540497077202-7c8a3999166f?ixlib=rb-1.2.1&ixid=eyJhcHBfaWQiOjEyMDd9&auto=format&fit=crop&w=800&q=60
Interval Training Gyms,https://www.google.com/imgres?imgurl=https%3A%2F%2Fpreviews.123rf.com%2Fimages%2Fshevtsovy%2Fshevtsovy1612%2Fshevtsovy161200387%2F69457352-high-intensity-interval-training-workout-hiit-group-training.jpg&imgrefurl=https%3A%2F%2Fwww.123rf.com%2Fphoto_69457352_high-intensity-interval-training-workout-hiit-group-training.html&docid=VLvSV47eFcEc8M&tbnid=sPf-jDDHUaguFM%3A&vet=10ahUKEwikntql04LgAhWqpYMKHT10CVwQMwhnKBswGw..i&w=1300&h=866&bih=772&biw=1440&q=interval%20training%20gym%20royalty%20free&ved=0ahUKEwikntql04LgAhWqpYMKHT10CVwQMwhnKBswGw&iact=mrc&uact=8
Martial Arts,https://images.unsplash.com/photo-1529566193698-bc394165d541?ixlib=rb-1.2.1&ixid=eyJhcHBfaWQiOjEyMDd9&auto=format&fit=crop&w=800&q=60
Brazilian Jiu-jitsu,https://upload.wikimedia.org/wikipedia/commons/thumb/d/d8/ROBERTO_CYBORG_ABREU_2009_BJJ_Championships.jpg/1200px-ROBERTO_CYBORG_ABREU_2009_BJJ_Championships.jpg
Chinese Martial Arts,https://cdn.pixabay.com/photo/2014/04/05/11/07/people-314516_1280.jpg
Karate,https://images.unsplash.com/photo-1529630218527-7df22fc2d4ee?ixlib=rb-1.2.1&ixid=eyJhcHBfaWQiOjEyMDd9&auto=format&fit=crop&w=1652&q=80
Kickboxing,https://www.pexels.com/photo/woman-punching-red-heavy-bag-161017/
Muay Thai,https://unsplash.com/photos/h8sl-oNcat0
Taekwondo,https://images.unsplash.com/photo-1515025617920-e1e674b5033c?ixlib=rb-1.2.1&ixid=eyJhcHBfaWQiOjEyMDd9&auto=format&fit=crop&w=800&q=60
Meditation Centers,https://images.pexels.com/photos/3188/love-romantic-bath-candlelight.jpg?cs=srgb&dl=bath-bathroom-beauty-salon-3188.jpg&fm=jpg
Pilates,https://unsplash.com/photos/NbpUM86Jo8Y
Qi Gong,https://cdn.pixabay.com/photo/2016/08/10/17/18/qigong-1583804_960_720.jpg
Self-defense Classes,https://www.sovcal.com/wp-content/uploads/2016/06/Amanda_Info_Sovcal_Benefits-of-self-defense-training-after-breaking-free-from-trauma_20160620_SLM.jpg
Swimming Lessons/Schools),https://images.pexels.com/photos/346776/pexels-photo-346776.jpeg?cs=srgb&dl=active-blue-blur-346776.jpg&fm=jpg
Tai Chi,http://internalwudangstore.com/wp-content/uploads/2016/04/A15-womens-tai-chi-clothing.jpg
Trainers,https://www.pexels.com/photo/adult-athlete-body-bodybuilding-414029/
Yoga,https://images.unsplash.com/photo-1518609571773-39b7d303a87b?ixlib=rb-1.2.1&ixid=eyJhcHBfaWQiOjEyMDd9&auto=format&fit=crop&w=1650&q=80
Flyboarding,https://cdn.pixabay.com/photo/2018/08/08/21/51/flyboard-3593272_1280.jpg
Go Karts,https://images.unsplash.com/photo-1508550794981-ed0e94d56589?ixlib=rb-1.2.1&ixid=eyJhcHBfaWQiOjEyMDd9&auto=format&fit=crop&w=2030&q=80
Golf (golf),https://www.pexels.com/photo/grass-green-golf-golf-ball-54123/
Gun/Rifle Ranges,https://www.pexels.com/photo/arms-blur-close-up-firing-370202/
Gymnastics,https://www.pexels.com/photo/agility-balance-beautiful-girl-dancer-12343/
Hang Gliding,https://images.pexels.com/photos/53012/glider-hang-glider-pilot-flying-53012.jpeg?auto=compress&cs=tinysrgb&dpr=2&w=500
Hiking,https://images.unsplash.com/photo-1476611338391-6f395a0ebc7b?ixlib=rb-1.2.1&ixid=eyJhcHBfaWQiOjEyMDd9&auto=format&fit=crop&w=800&q=60
Horse Racing,https://images.unsplash.com/photo-1509399316151-9b86c70fdd40?ixlib=rb-1.2.1&ixid=eyJhcHBfaWQiOjEyMDd9&auto=format&fit=crop&w=800&q=60
Horseback Riding,https://images.unsplash.com/photo-1508582925718-12be0cf69559?ixlib=rb-1.2.1&ixid=eyJhcHBfaWQiOjEyMDd9&auto=format&fit=crop&w=800&q=60
Hot Air Balloons,https://images.unsplash.com/photo-1497531551184-06b252e1bee1?ixlib=rb-1.2.1&ixid=eyJhcHBfaWQiOjEyMDd9&auto=format&fit=crop&w=800&q=60
Indoor Playcentre,https://images.pexels.com/photos/1096147/pexels-photo-1096147.jpeg?auto=compress&cs=tinysrgb&dpr=2&w=500
Jet Skis,https://images.unsplash.com/photo-1536228083936-4f12be38894e?ixlib=rb-1.2.1&ixid=eyJhcHBfaWQiOjEyMDd9&auto=format&fit=crop&w=800&q=60
Kids Activities,https://images.unsplash.com/photo-1471914036897-d8255336ca8a?ixlib=rb-1.2.1&ixid=eyJhcHBfaWQiOjEyMDd9&auto=format&fit=crop&w=800&q=60
Kiteboarding,https://images.unsplash.com/photo-1528258724435-7db1616bbcec?ixlib=rb-1.2.1&ixid=eyJhcHBfaWQiOjEyMDd9&auto=format&fit=crop&w=800&q=60
Lakes,https://images.pexels.com/photos/97246/pexels-photo-97246.jpeg?auto=compress&cs=tinysrgb&dpr=2&h=750&w=1260
Laser Tag,https://www.bremerhaven.de/sixcms/media.php/bhv2016.a.99.de/thumbnail_headerbild_breit/lasertag%28c%29gemeinfrei_1400.401482.jpg
Mini Golf,https://thumbs.dreamstime.com/b/miniature-golf-close-up-bat-ball-start-track-31885175.jpg
Mountain Biking,https://images.pexels.com/photos/90454/pexels-photo-90454.jpeg?auto=compress&cs=tinysrgb&dpr=2&w=500
Nudist,https://images.unsplash.com/photo-1497818875354-a68df22da828?ixlib=rb-1.2.1&ixid=eyJhcHBfaWQiOjEyMDd9&auto=format&fit=crop&w=800&q=60
Paddleboarding,https://images.pexels.com/photos/236953/pexels-photo-236953.jpeg?auto=compress&cs=tinysrgb&dpr=2&w=500
Paintball),https://cdn.pixabay.com/photo/2016/03/27/05/45/paintball-1282164_1280.jpg
Parasailing,https://www.pexels.com/photo/beach-blue-water-boats-coast-163341/
Parks,https://unsplash.com/photos/JQgEjsDaIrc
Dog Parks,https://images.unsplash.com/photo-1532978825156-813974ca4450?ixlib=rb-1.2.1&ixid=eyJhcHBfaWQiOjEyMDd9&auto=format&fit=crop&w=800&q=60
Skate Parks,https://images.unsplash.com/photo-1496886077455-6e206da90837?ixlib=rb-1.2.1&ixid=eyJhcHBfaWQiOjEyMDd9&auto=format&fit=crop&w=800&q=60
Playgrounds,https://unsplash.com/photos/TlAMS5k_lzs
Races & Competitions,https://images.unsplash.com/photo-1461896836934-ffe607ba8211?ixlib=rb-1.2.1&ixid=eyJhcHBfaWQiOjEyMDd9&auto=format&fit=crop&w=800&q=60
Racing Experience,https://images.unsplash.com/photo-1494364728969-273b78d90cdc?ixlib=rb-1.2.1&ixid=eyJhcHBfaWQiOjEyMDd9&auto=format&fit=crop&w=800&q=60
Rafting/Kayaking,https://www.pexels.com/photo/person-on-watercraft-near-waterfall-1761282/
Recreation Centers,https://images.pexels.com/photos/705792/pexels-photo-705792.jpeg?auto=compress&cs=tinysrgb&dpr=2&w=500
Rock Climbing,https://images.unsplash.com/photo-1529861820-012514cbd6d5?ixlib=rb-1.2.1&ixid=eyJhcHBfaWQiOjEyMDd9&auto=format&fit=crop&w=800&q=60
Sailing,https://images.unsplash.com/photo-1474917518260-23f84bd71c75?ixlib=rb-1.2.1&ixid=eyJhcHBfaWQiOjEyMDd9&auto=format&fit=crop&w=800&q=60
Scavenger Hunts,http://www.cometao.net/wp-content/uploads/2016/06/scavenger-hunt.jpg
Scooter Rentals,https://images.pexels.com/photos/1045535/pexels-photo-1045535.jpeg?auto=compress&cs=tinysrgb&dpr=2&w=500
Senior Centers,https://images.unsplash.com/photo-1494438043283-22a3c46831a4?ixlib=rb-1.2.1&ixid=eyJhcHBfaWQiOjEyMDd9&auto=format&fit=crop&w=800&q=60
Skating Rinks,https://images.unsplash.com/photo-1541241541756-ab90e3dd5553?ixlib=rb-1.2.1&ixid=eyJhcHBfaWQiOjEyMDd9&auto=format&fit=crop&w=1650&q=80
Skydiving,https://images.unsplash.com/photo-1529573603507-70ad30917905?ixlib=rb-1.2.1&ixid=eyJhcHBfaWQiOjEyMDd9&auto=format&fit=crop&w=800&q=60
Sledding,https://images.unsplash.com/photo-1542590856-1951639cc822?ixlib=rb-1.2.1&ixid=eyJhcHBfaWQiOjEyMDd9&auto=format&fit=crop&w=800&q=60
Snorkeling,https://images.unsplash.com/photo-1499242611767-cf8b9be02854?ixlib=rb-1.2.1&ixid=eyJhcHBfaWQiOjEyMDd9&auto=format&fit=crop&w=800&q=60
Soccer,https://images.unsplash.com/photo-1434648957308-5e6a859697e8?ixlib=rb-1.2.1&ixid=eyJhcHBfaWQiOjEyMDd9&auto=format&fit=crop&w=800&q=60
Sports Clubs,https://s3-media3.fl.yelpcdn.com/buphoto/OPQGOx6JlX3OUw16gDmIlw/o.jpg
Squash,https://warwick.ac.uk/services/sport/active/activities/squash/psl/squash-players.jpg
Summer Camps,https://images.unsplash.com/photo-1525404726985-f333cd05c020?ixlib=rb-1.2.1&ixid=eyJhcHBfaWQiOjEyMDd9&auto=format&fit=crop&w=800&q=60
Surfing,https://images.unsplash.com/photo-1530870110042-98b2cb110834?ixlib=rb-1.2.1&ixid=eyJhcHBfaWQiOjEyMDd9&auto=format&fit=crop&w=800&q=60
Swimming Pools,https://images.unsplash.com/photo-1536331568701-0b15cbb1a918?ixlib=rb-1.2.1&ixid=eyJhcHBfaWQiOjEyMDd9&auto=format&fit=crop&w=800&q=60
Tennis,https://images.pexels.com/photos/1432039/pexels-photo-1432039.jpeg?auto=compress&cs=tinysrgb&dpr=2&w=500
Trampoline Parks,https://www.brisbanekids.com.au/wp-content/uploads/2015/04/free-jump-01.jpg
Tubing,https://tse3.mm.bing.net/th?id=OIP.AKFKqXl-A3JqqaBHYDn01QHaD-&pid=15.1&P=0&w=313&h=169
Water Parks,https://images.unsplash.com/photo-1530982534634-7f61b1f68825?ixlib=rb-1.2.1&ixid=eyJhcHBfaWQiOjEyMDd9&auto=format&fit=crop&w=933&q=80
Wildlife Hunting Ranges,https://images.unsplash.com/photo-1481140717212-b0124736c90a?ixlib=rb-1.2.1&ixid=eyJhcHBfaWQiOjEyMDd9&auto=format&fit=crop&w=800&q=60
Ziplining,https://images.unsplash.com/photo-1531204709756-1c7a41bf8936?ixlib=rb-1.2.1&ixid=eyJhcHBfaWQiOjEyMDd9&auto=format&fit=crop&w=800&q=60
Zoos,https://images.pexels.com/photos/811486/pexels-photo-811486.jpeg?auto=compress&cs=tinysrgb&dpr=2&w=500
Petting Zoos,https://images.unsplash.com/reserve/1hyDEofHQ0OX1mRnvhqw_IMG_1324.jpg?ixlib=rb-1.2.1&ixid=eyJhcHBfaWQiOjEyMDd9&auto=format&fit=crop&w=800&q=60
Zorbing,https://st2.depositphotos.com/1066611/11319/i/450/depositphotos_113193238-stock-photo-children-have-fun-in-the.jpg
Arts & Entertainment,https://images.unsplash.com/photo-1470229722913-7c0e2dbbafd3?ixlib=rb-1.2.1&ixid=eyJhcHBfaWQiOjEyMDd9&auto=format&fit=crop&w=800&q=60
Arcades,https://images.unsplash.com/photo-1511882150382-421056c89033?ixlib=rb-1.2.1&ixid=eyJhcHBfaWQiOjEyMDd9&auto=format&fit=crop&w=800&q=60
Art Galleries,https://images.unsplash.com/photo-1518998053901-5348d3961a04?ixlib=rb-1.2.1&ixid=eyJhcHBfaWQiOjEyMDd9&auto=format&fit=crop&w=800&q=60
Bingo Halls,https://cdn.pixabay.com/photo/2015/11/15/19/49/bingo-1044718__480.jpg
Botanical Gardens,https://images.pexels.com/photos/1055400/pexels-photo-1055400.jpeg?auto=compress&cs=tinysrgb&dpr=2&h=750&w=1260
Cabaret,https://cdn.pixabay.com/photo/2015/02/17/08/04/cabaret-639110__480.jpg
Casinos,https://images.unsplash.com/photo-1537154835319-14f43d91ea98?ixlib=rb-1.2.1&ixid=eyJhcHBfaWQiOjEyMDd9&auto=format&fit=crop&w=800&q=60
Cinema,https://images.pexels.com/photos/436413/pexels-photo-436413.jpeg?auto=compress&cs=tinysrgb&dpr=2&w=500
Drive-In Theater,https://images.unsplash.com/photo-1483081979849-4367277fb4d8?ixlib=rb-1.2.1&ixid=eyJhcHBfaWQiOjEyMDd9&auto=format&fit=crop&w=800&q=60
Outdoor Movies,https://www.7gadgets.com/wp-content/uploads/2019/01/Indoor-and-Outdoor-Inflatable-Blow-up-Mega-Movie-Projection-Screen.jpg
Country Clubs,https://media.istockphoto.com/photos/golf-green-and-tee-box-in-late-afternoon-sunlight-picture-id176834848?k=6&m=176834848&s=612x612&w=0&h=_4c50EahAyuHOt_CuS3yxZVs7zZXC4ew2FCS03pYXTo=
Cultural Center,https://images.unsplash.com/photo-1449265614232-03dfc33163a0?ixlib=rb-1.2.1&ixid=eyJhcHBfaWQiOjEyMDd9&auto=format&fit=crop&w=800&q=60
Entertainment,https://images.unsplash.com/photo-1507874457470-272b3c8d8ee2?ixlib=rb-1.2.1&ixid=eyJhcHBfaWQiOjEyMDd9&auto=format&fit=crop&w=1650&q=80
Farms,https://images.unsplash.com/photo-1535649900424-c09963c4fd8e?ixlib=rb-1.2.1&ixid=eyJhcHBfaWQiOjEyMDd9&auto=format&fit=crop&w=800&q=60
Attraction Farms,https://images.pexels.com/photos/842711/pexels-photo-842711.jpeg?auto=compress&cs=tinysrgb&dpr=2&h=750&w=1260
Pick Your Own Farms,https://images.unsplash.com/photo-1461175827210-5ceac3e39dd2?ixlib=rb-1.2.1&ixid=eyJhcHBfaWQiOjEyMDd9&auto=format&fit=crop&w=800&q=60
Ranches,https://images.pexels.com/photos/841303/pexels-photo-841303.jpeg?auto=compress&cs=tinysrgb&dpr=2&w=500
Festivals,https://images.unsplash.com/photo-1468234847176-28606331216a?ixlib=rb-1.2.1&ixid=eyJhcHBfaWQiOjEyMDd9&auto=format&fit=crop&w=800&q=60
Haunted Houses,https://cdn.pixabay.com/photo/2016/07/15/18/05/haunted-house-1519860__480.jpg
Jazz & Blues,https://cdn.pixabay.com/photo/2016/09/10/11/11/jazz-1658886__480.jpg
LAN Centers,https://images.pexels.com/photos/256219/pexels-photo-256219.jpeg?auto=compress&cs=tinysrgb&dpr=2&w=500
Makerspaces,https://cdn.pixabay.com/photo/2016/07/28/16/26/solder-station-1548360__480.jpg
Museums,https://images.unsplash.com/photo-1513038630932-13873b1a7f29?ixlib=rb-1.2.1&ixid=eyJhcHBfaWQiOjEyMDd9&auto=format&fit=crop&w=800&q=60
Art Museums,https://images.unsplash.com/photo-1524014482380-0988169f598d?ixlib=rb-1.2.1&ixid=eyJhcHBfaWQiOjEyMDd9&auto=format&fit=crop&w=800&q=60
Childrenâ€™s Museums,https://images.pexels.com/photos/1148998/pexels-photo-1148998.jpeg?auto=compress&cs=tinysrgb&dpr=2&w=500
Music Venues,https://images.unsplash.com/photo-1542705078877-e6c20f1cc300?ixlib=rb-1.2.1&ixid=eyJhcHBfaWQiOjEyMDd9&auto=format&fit=crop&w=800&q=60
Observatories,https://images.unsplash.com/photo-1520944689618-80310511a6fa?ixlib=rb-1.2.1&ixid=eyJhcHBfaWQiOjEyMDd9&auto=format&fit=crop&w=800&q=60
Opera & Ballet,https://images.unsplash.com/photo-1508807526345-15e9b5f4eaff?ixlib=rb-1.2.1&ixid=eyJhcHBfaWQiOjEyMDd9&auto=format&fit=crop&w=800&q=60
Paint & Sip,https://tse2.mm.bing.net/th?id=OIP.VrOGsscgefMisSnht_ly1QHaE7&pid=15.1&P=0&w=248&h=166
Performing Arts,https://images.unsplash.com/photo-1488779382325-da88fd3175e5?ixlib=rb-1.2.1&ixid=eyJhcHBfaWQiOjEyMDd9&auto=format&fit=crop&w=800&q=60
Planetarium,https://clkde.tradedoubler.com/click?p=264311&a=3045532&g=24328740&url=https://stock.adobe.com/images/a-breathtaking-fulldome-digital-projection-at-the-planetarium/212037443?as_channel=affiliate&as_campaign=pexels&as_source=arvato
Professional Sports Teams,https://images.pexels.com/photos/270085/pexels-photo-270085.jpeg?auto=compress&cs=tinysrgb&dpr=2&w=500
Race Tracks,https://images.pexels.com/photos/1571882/pexels-photo-1571882.jpeg?auto=compress&cs=tinysrgb&dpr=2&w=500
Rodeo,https://images.unsplash.com/photo-1508279822117-db3deb598fd1?ixlib=rb-1.2.1&auto=format&fit=crop&w=800&q=60
Social Clubs,https://images.unsplash.com/photo-1523240795612-9a054b0db644?ixlib=rb-1.2.1&ixid=eyJhcHBfaWQiOjEyMDd9&auto=format&fit=crop&w=800&q=60
Veterans Organizations,https://images.unsplash.com/photo-1525994449609-94f84bec86b1?ixlib=rb-1.2.1&ixid=eyJhcHBfaWQiOjEyMDd9&auto=format&fit=crop&w=800&q=60
Stadiums & Arenas,https://images.unsplash.com/photo-1530176784432-ceef46d9a34d?ixlib=rb-1.2.1&ixid=eyJhcHBfaWQiOjEyMDd9&auto=format&fit=crop&w=800&q=60
Studio Taping,https://images.pexels.com/photos/690779/pexels-photo-690779.jpeg?auto=compress&cs=tinysrgb&dpr=2&h=750&w=1260
Supernatural Readings,https://images.unsplash.com/photo-1515695831654-0885b1e4f502?ixlib=rb-1.2.1&ixid=eyJhcHBfaWQiOjEyMDd9&auto=format&fit=crop&w=800&q=60
Astrologers,https://images.unsplash.com/photo-1515942661900-94b3d1972591?ixlib=rb-1.2.1&ixid=eyJhcHBfaWQiOjEyMDd9&auto=format&fit=crop&w=800&q=60
Mystics,https://images.pexels.com/photos/327509/pexels-photo-327509.jpeg?auto=compress&cs=tinysrgb&dpr=2&w=500
Psychic Mediums,https://images.unsplash.com/photo-1509457116354-df6d9c7c072d?ixlib=rb-1.2.1&ixid=eyJhcHBfaWQiOjEyMDd9&auto=format&fit=crop&w=800&q=60
Psychics,https://images.unsplash.com/photo-1536574241379-64089233bd12?ixlib=rb-1.2.1&ixid=eyJhcHBfaWQiOjEyMDd9&auto=format&fit=crop&w=800&q=60
Ticket Sales,https://images.pexels.com/photos/34577/pexels-photo.jpg?auto=compress&cs=tinysrgb&dpr=2&w=500
Virtual Reality Centers,https://images.pexels.com/photos/834949/pexels-photo-834949.jpeg?auto=compress&cs=tinysrgb&dpr=2&w=500
Wineries,https://images.unsplash.com/photo-1516594915697-87eb3b1c14ea?ixlib=rb-1.2.1&ixid=eyJhcHBfaWQiOjEyMDd9&auto=format&fit=crop&w=1650&q=80
Wine Tasting Room,https://images.unsplash.com/photo-1513618827672-0d7c5ad591b1?ixlib=rb-1.2.1&ixid=eyJhcHBfaWQiOjEyMDd9&auto=format&fit=crop&w=1650&q=80
Food,https://images.unsplash.com/photo-1504754524776-8f4f37790ca0?ixlib=rb-1.2.1&ixid=eyJhcHBfaWQiOjEyMDd9&auto=format&fit=crop&w=800&q=60
Acai Bowls,https://images.pexels.com/photos/1656831/pexels-photo-1656831.jpeg?auto=compress&cs=tinysrgb&dpr=2&w=500
Bagels,https://images.unsplash.com/photo-1518562923427-19e694fbd8e9?ixlib=rb-1.2.1&ixid=eyJhcHBfaWQiOjEyMDd9&auto=format&fit=crop&w=800&q=60
Bakeries,https://images.pexels.com/photos/205961/pexels-photo-205961.jpeg?auto=compress&cs=tinysrgb&dpr=2&w=500
"Beer, Wine & Spirits",https://images.pexels.com/photos/1005642/pexels-photo-1005642.jpeg?auto=compress&cs=tinysrgb&dpr=2&w=500
Beverage Store,https://images.pexels.com/photos/811108/pexels-photo-811108.jpeg?auto=compress&cs=tinysrgb&dpr=2&w=500
Breweries,https://images.unsplash.com/photo-1532634740-6837b2a21d39?ixlib=rb-1.2.1&ixid=eyJhcHBfaWQiOjEyMDd9&auto=format&fit=crop&w=800&q=60
Brewpubs,https://cdn.pixabay.com/photo/2018/09/19/04/17/beer-3687802__480.jpg
Bubble Tea,https://images.unsplash.com/photo-1541696490-8744a5dc0228?ixlib=rb-1.2.1&ixid=eyJhcHBfaWQiOjEyMDd9&auto=format&fit=crop&w=800&q=60
Butcher,https://images.unsplash.com/photo-1511018055524-56183e65e850?ixlib=rb-1.2.1&ixid=eyJhcHBfaWQiOjEyMDd9&auto=format&fit=crop&w=800&q=60
CSA,https://images.unsplash.com/photo-1468408908883-029a25e230c1?ixlib=rb-1.2.1&ixid=eyJhcHBfaWQiOjEyMDd9&auto=format&fit=crop&w=800&q=60
Chimney Cakes,http://www.vancitybuzz.com/wp-content/uploads/2016/05/skinny-chimney-cakes-984x500.jpg
Cideries,https://www.ciderculture.com/wp-content/uploads/2019/01/CiderCon-2018-CiderShare-68.jpg
Coffee & Tea,https://images.unsplash.com/photo-1491720731493-223f97d92c21?ixlib=rb-1.2.1&ixid=eyJhcHBfaWQiOjEyMDd9&auto=format&fit=crop&w=800&q=60
Coffee Roasteries,https://images.unsplash.com/photo-1534189275975-0de973fe7365?ixlib=rb-1.2.1&ixid=eyJhcHBfaWQiOjEyMDd9&auto=format&fit=crop&w=800&q=60
Convenience Stores,https://cdn.pixabay.com/photo/2017/08/05/13/31/building-2583628__480.jpg
Cupcakes,https://images.unsplash.com/photo-1514056052883-d017fddd0426?ixlib=rb-1.2.1&ixid=eyJhcHBfaWQiOjEyMDd9&auto=format&fit=crop&w=800&q=60
Custom Cakes,https://images.pexels.com/photos/69817/france-confectionery-raspberry-cake-fruit-69817.jpeg?auto=compress&cs=tinysrgb&dpr=2&w=500
Desserts,https://images.pexels.com/photos/205961/pexels-photo-205961.jpeg?auto=compress&cs=tinysrgb&dpr=2&w=500
Distilleries,https://images.pexels.com/photos/1267361/pexels-photo-1267361.jpeg?auto=compress&cs=tinysrgb&dpr=2&w=500
Do-It-Yourself Food,https://images.pexels.com/photos/1813504/pexels-photo-1813504.jpeg?auto=compress&cs=tinysrgb&dpr=2&w=500
Donuts,https://images.unsplash.com/photo-1527904324834-3bda86da6771?ixlib=rb-1.2.1&ixid=eyJhcHBfaWQiOjEyMDd9&auto=format&fit=crop&w=800&q=60
Empanadas,https://images.pexels.com/photos/230125/pexels-photo-230125.jpeg?auto=compress&cs=tinysrgb&dpr=2&w=500
Farmers Market,https://images.pexels.com/photos/95425/pexels-photo-95425.jpeg?auto=compress&cs=tinysrgb&dpr=2&h=750&w=1260
Food Delivery Services,http://rbk.h-cdn.co/assets/cm/14/49/547ef1fdebbf7_-_diet-delivery-man-xlsynd.jpg
Food Trucks,https://images.unsplash.com/photo-1513640127641-49ba81f8305c?ixlib=rb-1.2.1&ixid=eyJhcHBfaWQiOjEyMDd9&auto=format&fit=crop&w=800&q=60
Gelato,https://images.unsplash.com/photo-1494078683441-c860e1e95f28?ixlib=rb-1.2.1&ixid=eyJhcHBfaWQiOjEyMDd9&auto=format&fit=crop&w=800&q=60
Grocery,https://images.unsplash.com/photo-1506617420156-8e4536971650?ixlib=rb-1.2.1&ixid=eyJhcHBfaWQiOjEyMDd9&auto=format&fit=crop&w=800&q=60
Honey,https://images.unsplash.com/photo-1536788567643-8c2368376526?ixlib=rb-1.2.1&ixid=eyJhcHBfaWQiOjEyMDd9&auto=format&fit=crop&w=800&q=60
Ice Cream & Frozen Yogurt,https://images.unsplash.com/photo-1498190338361-82055e010b39?ixlib=rb-1.2.1&ixid=eyJhcHBfaWQiOjEyMDd9&auto=format&fit=crop&w=800&q=60
Imported Food,https://images.pexels.com/photos/1640773/pexels-photo-1640773.jpeg?auto=compress&cs=tinysrgb&dpr=2&h=750&w=1260
International Grocery,https://images.unsplash.com/photo-1521097384973-2fbcdc69f31a?ixlib=rb-1.2.1&ixid=eyJhcHBfaWQiOjEyMDd9&auto=format&fit=crop&w=800&q=60
Internet Cafes,https://images.pexels.com/photos/1015568/pexels-photo-1015568.jpeg?auto=compress&cs=tinysrgb&dpr=2&w=500
Juice Bars & Smoothies,https://images.pexels.com/photos/338713/pexels-photo-338713.jpeg?auto=compress&cs=tinysrgb&dpr=2&w=500
Kombucha,https://images.unsplash.com/photo-1547925150-eb2955311dae?ixlib=rb-1.2.1&ixid=eyJhcHBfaWQiOjEyMDd9&auto=format&fit=crop&w=800&q=60
Organic Stores,https://images.pexels.com/photos/319798/pexels-photo-319798.jpeg?auto=compress&cs=tinysrgb&dpr=2&w=500
Patisserie/Cake Shop,https://images.unsplash.com/photo-1541781304420-38fd3dd748ac?ixlib=rb-1.2.1&ixid=eyJhcHBfaWQiOjEyMDd9&auto=format&fit=crop&w=800&q=60
Piadina,https://cdn.pixabay.com/photo/2016/03/29/17/09/kebab-1288824__480.png
Poke,https://cdn.pixabay.com/photo/2017/04/13/08/29/tuna-2226943__480.jpg
Pretzels,https://images.pexels.com/photos/1718383/pexels-photo-1718383.jpeg?auto=compress&cs=tinysrgb&dpr=2&w=500
Shaved Ice,https://images.unsplash.com/photo-1470338745628-171cf53de3a8?ixlib=rb-1.2.1&ixid=eyJhcHBfaWQiOjEyMDd9&auto=format&fit=crop&w=800&q=60
Shaved Snow,https://images.pexels.com/photos/891252/pexels-photo-891252.jpeg?auto=compress&cs=tinysrgb&dpr=2&w=500
Smokehouse,https://cdn.pixabay.com/photo/2016/06/22/10/53/cheese-1472770__480.jpg
Specialty Food,https://images.unsplash.com/photo-1478145046317-39f10e56b5e9?ixlib=rb-1.2.1&ixid=eyJhcHBfaWQiOjEyMDd9&auto=format&fit=crop&w=800&q=60
Candy Stores,https://images.unsplash.com/photo-1542800262-8b3c1a6007ad?ixlib=rb-1.2.1&ixid=eyJhcHBfaWQiOjEyMDd9&auto=format&fit=crop&w=800&q=60
Cheese Shops,https://images.unsplash.com/photo-1541696303913-8668e3f7e9fa?ixlib=rb-1.2.1&ixid=eyJhcHBfaWQiOjEyMDd9&auto=format&fit=crop&w=800&q=60
Chocolatiers & Shops,https://images.unsplash.com/photo-1512155381554-31ea36a27426?ixlib=rb-1.2.1&ixid=eyJhcHBfaWQiOjEyMDd9&auto=format&fit=crop&w=800&q=60
Fruits & Veggies,https://images.unsplash.com/photo-1485637701894-09ad422f6de6?ixlib=rb-1.2.1&auto=format&fit=crop&w=800&q=60
Health Markets,https://cdn.pixabay.com/photo/2016/04/21/11/32/groceries-1343141__480.jpg
Herbs & Spices,https://images.unsplash.com/photo-1536487051162-1fcc4fdf4cc0?ixlib=rb-1.2.1&ixid=eyJhcHBfaWQiOjEyMDd9&auto=format&fit=crop&w=800&q=60
Macarons,https://images.unsplash.com/photo-1531594652722-292a43e752b4?ixlib=rb-1.2.1&ixid=eyJhcHBfaWQiOjEyMDd9&auto=format&fit=crop&w=800&q=60
Meat Shops,https://images.unsplash.com/photo-1511018055524-56183e65e850?ixlib=rb-1.2.1&ixid=eyJhcHBfaWQiOjEyMDd9&auto=format&fit=crop&w=800&q=60
Olive Oil,https://images.pexels.com/photos/1022385/pexels-photo-1022385.jpeg?auto=compress&cs=tinysrgb&dpr=2&w=500
Pasta Shops,https://images.pexels.com/photos/1270955/pexels-photo-1270955.jpeg?auto=compress&cs=tinysrgb&dpr=2&w=500
Popcorn Shops,https://images.unsplash.com/photo-1512149177596-f817c7ef5d4c?ixlib=rb-1.2.1&ixid=eyJhcHBfaWQiOjEyMDd9&auto=format&fit=crop&w=800&q=60
Seafood Markets,https://images.pexels.com/photos/1031780/pexels-photo-1031780.jpeg?auto=compress&cs=tinysrgb&dpr=2&w=500
Street Vendors,https://images.pexels.com/photos/439851/pexels-photo-439851.jpeg?auto=compress&cs=tinysrgb&dpr=2&w=500
Tea Rooms,https://images.pexels.com/photos/6308/food-holiday-love-holidays.jpg?auto=compress&cs=tinysrgb&dpr=2&w=500
Water Stores,http://brie.hunter.cuny.edu/hpe/wp-content/uploads/2010/05/nestle_water_web.jpg
Wineries,https://cdn.pixabay.com/photo/2016/10/22/20/34/wine-1761613__480.jpg
Wine Tasting Room,https://images.unsplash.com/photo-1469234496837-d0101f54be3e?ixlib=rb-1.2.1&ixid=eyJhcHBfaWQiOjEyMDd9&auto=format&fit=crop&w=800&q=60
Hotels & Travel,https://images.unsplash.com/photo-1454496406107-dc34337da8d6?ixlib=rb-1.2.1&ixid=eyJhcHBfaWQiOjEyMDd9&auto=format&fit=crop&w=800&q=60
Airports,https://images.unsplash.com/photo-1544464499-7713411ab641?ixlib=rb-1.2.1&ixid=eyJhcHBfaWQiOjEyMDd9&auto=format&fit=crop&w=800&q=60
Airport Terminals,https://images.unsplash.com/photo-1542761179-16833dfc1012?ixlib=rb-1.2.1&ixid=eyJhcHBfaWQiOjEyMDd9&auto=format&fit=crop&w=800&q=60
Bed & Breakfast,https://images.pexels.com/photos/405237/pexels-photo-405237.jpeg?auto=compress&cs=tinysrgb&dpr=2&w=500
Campgrounds,https://images.unsplash.com/photo-1515408320194-59643816c5b2?ixlib=rb-1.2.1&ixid=eyJhcHBfaWQiOjEyMDd9&auto=format&fit=crop&w=800&q=60
Car Rental,https://image.shutterstock.com/image-photo/sign-direction-car-rental-260nw-147619601.jpg
Guest Houses,https://image.shutterstock.com/image-photo/hotel-room-bedroom-beds-curtain-260nw-1021686856.jpg
Health Retreats,https://images.pexels.com/photos/1449053/pexels-photo-1449053.jpeg?auto=compress&cs=tinysrgb&dpr=2&w=500
Hostels,https://tse2.mm.bing.net/th?id=OIP.h_PFOALLjBJI0v3eMltwKwHaE9&pid=15.1&P=0&w=261&h=176
Hotels,https://images.pexels.com/photos/96444/pexels-photo-96444.jpeg?auto=compress&cs=tinysrgb&dpr=2&w=500
Mountain Huts,https://images.unsplash.com/photo-1526139184221-788ecfb2b9ae?ixlib=rb-1.2.1&ixid=eyJhcHBfaWQiOjEyMDd9&auto=format&fit=crop&w=800&q=60
Rest Stops,https://nicoleleeartistry.files.wordpress.com/2008/04/rest-area.jpg
Motorcycle Rental,https://cdn.pixabay.com/photo/2015/07/10/13/57/motorcycle-839218__480.jpg
RV Parks,https://tse3.mm.bing.net/th?id=OIP._jhZfWqjZb-u9VZaRhBHfAHaFj&pid=15.1&P=0&w=210&h=158
RV Rental,https://images.unsplash.com/photo-1544620347-c4fd4a3d5957?ixlib=rb-1.2.1&ixid=eyJhcHBfaWQiOjEyMDd9&auto=format&fit=crop&w=800&q=60
Resorts,https://images.unsplash.com/photo-1519868343531-805e97cbda3e?ixlib=rb-1.2.1&ixid=eyJhcHBfaWQiOjEyMDd9&auto=format&fit=crop&w=800&q=60
Ski Resorts,https://images.unsplash.com/photo-1519659675643-e5885721661f?ixlib=rb-1.2.1&ixid=eyJhcHBfaWQiOjEyMDd9&auto=format&fit=crop&w=800&q=60
Tours,https://images.pexels.com/photos/672358/pexels-photo-672358.jpeg?auto=compress&cs=tinysrgb&dpr=2&w=500
Aerial Tours,https://images.unsplash.com/photo-1499946731602-f81b5f4eebc6?ixlib=rb-1.2.1&auto=format&fit=crop&w=800&q=60
Architectural Tours,https://images.unsplash.com/photo-1483397242829-5a301431e002?ixlib=rb-1.2.1&ixid=eyJhcHBfaWQiOjEyMDd9&auto=format&fit=crop&w=934&q=80
Art Tours,https://images.pexels.com/photos/952588/pexels-photo-952588.jpeg?auto=compress&cs=tinysrgb&dpr=2&w=500
Beer Tours,https://images.pexels.com/photos/1089930/pexels-photo-1089930.jpeg?auto=compress&cs=tinysrgb&dpr=2&w=500
Bike tours,https://images.pexels.com/photos/17729/pexels-photo.jpg?auto=compress&cs=tinysrgb&dpr=2&w=500
Boat Tours,https://images.pexels.com/photos/1819631/pexels-photo-1819631.jpeg?auto=compress&cs=tinysrgb&dpr=2&w=500
Bus Tours,https://images.pexels.com/photos/1178448/pexels-photo-1178448.jpeg?auto=compress&cs=tinysrgb&dpr=2&w=500
Food Tours,https://tse3.mm.bing.net/th?id=OIP.aRpkevtFDuiDkHj0o53VuwHaE7&pid=15.1&P=0&w=263&h=176
Historical Tours,https://images.pexels.com/photos/1121964/pexels-photo-1121964.jpeg?auto=compress&cs=tinysrgb&dpr=2&w=500
Scooter Tours,https://images.pexels.com/photos/809609/pexels-photo-809609.jpeg?auto=compress&cs=tinysrgb&dpr=2&h=750&w=1260
Walking Tours,https://images.pexels.com/photos/631986/pexels-photo-631986.jpeg?auto=compress&cs=tinysrgb&dpr=2&w=500
Whale Watching Tours,https://images.pexels.com/photos/50720/bottlenose-dolphin-dolphin-tooth-mouth-50720.jpeg?auto=compress&cs=tinysrgb&dpr=2&w=500
Wine Tours,https://images.pexels.com/photos/39511/purple-grapes-vineyard-napa-valley-napa-vineyard-39511.jpeg?auto=compress&cs=tinysrgb&dpr=2&w=500
Train Stations,https://images.pexels.com/photos/927816/pexels-photo-927816.jpeg?auto=compress&cs=tinysrgb&dpr=2&w=500
Transportation,https://images.pexels.com/photos/732142/pexels-photo-732142.jpeg?auto=compress&cs=tinysrgb&dpr=2&w=500
Airlines,https://images.pexels.com/photos/163792/model-planes-airplanes-miniatur-wunderland-hamburg-163792.jpeg?auto=compress&cs=tinysrgb&dpr=2&w=500
Airport Shuttles,https://images.pexels.com/photos/1381415/pexels-photo-1381415.jpeg?auto=compress&cs=tinysrgb&dpr=2&w=500
Bike Sharing,https://images.pexels.com/photos/686230/pexels-photo-686230.jpeg?auto=compress&cs=tinysrgb&dpr=2&w=500
Bus Stations,https://images.pexels.com/photos/861095/pexels-photo-861095.jpeg?auto=compress&cs=tinysrgb&dpr=2&w=500
Buses,https://images.pexels.com/photos/575897/pexels-photo-575897.jpeg?auto=compress&cs=tinysrgb&dpr=2&w=500
Cable Cars,https://images.pexels.com/photos/258447/pexels-photo-258447.jpeg?auto=compress&cs=tinysrgb&dpr=2&w=500
Ferries,https://images.pexels.com/photos/1814472/pexels-photo-1814472.jpeg?auto=compress&cs=tinysrgb&dpr=2&w=500
Limos,https://cdn.pixabay.com/photo/2016/03/10/23/28/limousine-1249506__480.jpg
Metro Stations,https://images.pexels.com/photos/253647/pexels-photo-253647.jpeg?auto=compress&cs=tinysrgb&dpr=2&w=500
Pedicabs,https://tse4.mm.bing.net/th?id=OIP.6sDk_BkiH6vsOoyJOsnToQHaFI&pid=15.1&P=0&w=255&h=178
Private Jet Charter,https://images.pexels.com/photos/6965/sky-flying-summer-aviation.jpg?auto=compress&cs=tinysrgb&dpr=2&w=500
Public Transportation,https://images.pexels.com/photos/234507/pexels-photo-234507.jpeg?auto=compress&cs=tinysrgb&dpr=2&w=500
Taxis,https://images.unsplash.com/39/mtNrf7oxS4uSxTzMBWfQ_DSC_0043.jpg?ixlib=rb-1.2.1&ixid=eyJhcHBfaWQiOjEyMDd9&auto=format&fit=crop&w=800&q=60
Town Car Service,https://tse4.mm.bing.net/th?id=OIP.56HP8-B-qlNsVt7pumxGXQHaEL&pid=15.1&P=0&w=282&h=160
Trains,https://images.pexels.com/photos/889831/pexels-photo-889831.jpeg?auto=compress&cs=tinysrgb&dpr=2&w=500
Travel Services,https://images.pexels.com/photos/1537003/pexels-photo-1537003.jpeg?auto=compress&cs=tinysrgb&dpr=2&w=500
Luggage Storage,https://images.pexels.com/photos/510541/pexels-photo-510541.jpeg?auto=compress&cs=tinysrgb&dpr=2&w=500
Passport & Visa Services,https://images.unsplash.com/photo-1547572848-7009c748c5b8?ixlib=rb-1.2.1&ixid=eyJhcHBfaWQiOjEyMDd9&auto=format&fit=crop&w=800&q=60
Travel Agents,https://images.pexels.com/photos/970203/pexels-photo-970203.jpeg?auto=compress&cs=tinysrgb&dpr=2&w=500
Visitor Centers,https://tse2.mm.bing.net/th?id=OIP.kFfPfaMQqyZ0E7HfkLh13wHaE7&pid=15.1&P=0&w=273&h=183
Vacation Rental Agents,https://images.unsplash.com/photo-1535450117817-f24e366873b0?ixlib=rb-1.2.1&ixid=eyJhcHBfaWQiOjEyMDd9&auto=format&fit=crop&w=800&q=60
Vacation Rentals,https://images.unsplash.com/photo-1505758480-67e8d1b6fcec?ixlib=rb-1.2.1&ixid=eyJhcHBfaWQiOjEyMDd9&auto=format&fit=crop&w=1567&q=80
Local Flavor,http://clippermagazine.com/wp-content/uploads/2015/02/local-flavor-desktop.jpg
Parklets,https://tse3.mm.bing.net/th?id=OIP.aiXRuLwx2jPLtp0sMKYk0QHaFl&pid=15.1&P=0&w=228&h=173
Public Art,https://cdn.pixabay.com/photo/2017/08/07/14/22/mural-2604340_1280.jpg
Unofficial Yelp Events,https://tse2.mm.bing.net/th?id=OIP.J_4eOQPlAGMnuWV1TyeOnAHaEK&pid=15.1&P=0&w=346&h=195
Yelp Events,https://tse2.mm.bing.net/th?id=OIP.J_4eOQPlAGMnuWV1TyeOnAHaEK&pid=15.1&P=0&w=346&h=195
Nightlife,https://images.unsplash.com/photo-1500067318459-77a2667d9c54?ixlib=rb-1.2.1&ixid=eyJhcHBfaWQiOjEyMDd9&auto=format&fit=crop&w=800&q=60
Adult Entertainment,https://cdn.pixabay.com/photo/2015/05/09/13/45/woman-759688__480.jpg
Strip Clubs,https://cdn.pixabay.com/photo/2016/03/05/19/55/asian-1238553__480.jpg
Striptease Dancers,https://cdn.pixabay.com/photo/2017/08/06/07/19/people-2589818__480.jpg
Bar Crawl,https://tse2.mm.bing.net/th?id=OIP.XOobyJ6FGKEx4QmqsqM3HwHaE7&pid=15.1&P=0&w=227&h=152
Bars,https://cdn.pixabay.com/photo/2013/11/12/01/29/bar-209148__480.jpg
Airport Lounges,https://cdn.pixabay.com/photo/2014/09/11/09/07/airport-441507__480.jpg
Beer Bar,https://cdn.pixabay.com/photo/2016/11/21/13/04/alcoholic-beverages-1845295__480.jpg
Champagne Bars,https://images.unsplash.com/photo-1519593113671-52cd2c0ff166?ixlib=rb-1.2.1&ixid=eyJhcHBfaWQiOjEyMDd9&auto=format&fit=crop&w=800&q=60
Cigar Bars,https://images.unsplash.com/photo-1516035732248-410c66821646?ixlib=rb-1.2.1&ixid=eyJhcHBfaWQiOjEyMDd9&auto=format&fit=crop&w=800&q=60
Cocktail Bars,https://images.unsplash.com/photo-1444728399417-08d2aa39e6f4?ixlib=rb-1.2.1&ixid=eyJhcHBfaWQiOjEyMDd9&auto=format&fit=crop&w=800&q=60
Dive Bars,https://images.unsplash.com/photo-1532499408512-a163ed4b16a7?ixlib=rb-1.2.1&ixid=eyJhcHBfaWQiOjEyMDd9&auto=format&fit=crop&w=1950&q=80
Drive-Thru Bars,https://images.unsplash.com/photo-1509315703195-529879416a7d?ixlib=rb-1.2.1&ixid=eyJhcHBfaWQiOjEyMDd9&auto=format&fit=crop&w=800&q=60
Gay Bars,https://images.unsplash.com/photo-1497133163437-71eda3fd6972?ixlib=rb-1.2.1&ixid=eyJhcHBfaWQiOjEyMDd9&auto=format&fit=crop&w=800&q=60
Hookah Bars,https://images.unsplash.com/photo-1517477197788-2f6d5f33039e?ixlib=rb-1.2.1&ixid=eyJhcHBfaWQiOjEyMDd9&auto=format&fit=crop&w=800&q=60
Irish Pub,https://pixabay.com/en/ireland-pub-dublin-irish-irish-pub-2345992/
Lounges,https://images.unsplash.com/photo-1465494425610-9dbd2584de84?ixlib=rb-1.2.1&ixid=eyJhcHBfaWQiOjEyMDd9&auto=format&fit=crop&w=800&q=60
Pubs,https://cdn.pixabay.com/photo/2017/04/07/01/01/bar-2209813_1280.jpg
Speakeasies,https://media.npr.org/assets/img/2011/06/09/prohibition_wide-19861484cea9552150f184c460edbdf5083ab089.jpg?s=1400
Sports Bars,https://tse2.mm.bing.net/th?id=OIP.JLzsnXNbI7mbJtZ7wCduPwHaFS&pid=15.1&P=0&w=260&h=187
Tiki Bars,https://tse2.mm.bing.net/th?id=OIP.8Q_xLpnMyut51GOnZ0IOCAHaE8&pid=15.1&P=0&w=263&h=176
Vermouth Bars,https://images.unsplash.com/41/EOZpjI3oSqKPNnF2S4Tp_Untitled.jpg?ixlib=rb-1.2.1&ixid=eyJhcHBfaWQiOjEyMDd9&auto=format&fit=crop&w=800&q=60
Whiskey Bars,https://images.unsplash.com/photo-1518704558972-aed9f85b393a?ixlib=rb-1.2.1&ixid=eyJhcHBfaWQiOjEyMDd9&auto=format&fit=crop&w=800&q=60
Wine Bars,https://images.unsplash.com/photo-1437418747212-8d9709afab22?ixlib=rb-1.2.1&ixid=eyJhcHBfaWQiOjEyMDd9&auto=format&fit=crop&w=933&q=80
Beer Gardens,https://cdn.pixabay.com/photo/2018/10/15/18/24/beer-3749664__480.jpg
Club Crawl,https://tse3.mm.bing.net/th?id=OIP.fXWkbgfrUDdm38vpYBu4hAHaFY&pid=15.1&P=0&w=237&h=173
Comedy Clubs,https://images.unsplash.com/photo-1506882741710-98761c574b48?ixlib=rb-1.2.1&ixid=eyJhcHBfaWQiOjEyMDd9&auto=format&fit=crop&w=800&q=60
Country Dance Halls,https://tse2.mm.bing.net/th?id=OIP.JQDpz3f-kCeD1j01TbmjAQHaEK&pid=15.1&P=0&w=294&h=166
Dance Clubs,https://images.unsplash.com/photo-1485889397316-8393dd065127?ixlib=rb-1.2.1&ixid=eyJhcHBfaWQiOjEyMDd9&auto=format&fit=crop&w=800&q=60
Jazz & Blues,https://images.unsplash.com/photo-1548163111-bc419d75fef4?ixlib=rb-1.2.1&ixid=eyJhcHBfaWQiOjEyMDd9&auto=format&fit=crop&w=800&q=60
Karaoke,https://images.unsplash.com/photo-1546888931-94601df99aa4?ixlib=rb-1.2.1&ixid=eyJhcHBfaWQiOjEyMDd9&auto=format&fit=crop&w=800&q=60
Music Venues,https://images.unsplash.com/photo-1470345961863-06d4b12d93b3?ixlib=rb-1.2.1&ixid=eyJhcHBfaWQiOjEyMDd9&auto=format&fit=crop&w=800&q=60
Piano Bars,https://images.unsplash.com/photo-1547931295-64c05303a15b?ixlib=rb-1.2.1&ixid=eyJhcHBfaWQiOjEyMDd9&auto=format&fit=crop&w=800&q=60
Pool Halls,https://images.unsplash.com/photo-1546288144-325b99f1fcb0?ixlib=rb-1.2.1&ixid=eyJhcHBfaWQiOjEyMDd9&auto=format&fit=crop&w=800&q=60
Religious Organizations,https://cdn.pixabay.com/photo/2016/11/29/13/22/stralsund-1869807__480.jpg
Buddhist Temples,https://cdn.pixabay.com/photo/2013/07/18/20/26/byodo-in-165059__480.jpg
Churches,https://cdn.pixabay.com/photo/2018/06/17/19/12/church-3481187__480.jpg
Hindu Temples,https://cdn.pixabay.com/photo/2016/02/19/09/59/taj-mahal-1209004__480.jpg
Mosques,https://cdn.pixabay.com/photo/2018/12/31/18/27/mosque-3905675__480.jpg
Sikh Temples,https://cdn.pixabay.com/photo/2014/07/20/16/08/golden-temple-397886__480.jpg
Synagogues,https://cdn.pixabay.com/photo/2014/09/24/00/10/synagogue-458369__480.jpg
Restaurants,https://cdn.pixabay.com/photo/2018/07/14/15/27/cafe-3537801__480.jpg
Afghan,https://tse1.mm.bing.net/th?id=OIP.91rqobLCykdKDcotsZ9wjQHaE8&pid=15.1&P=0&w=245&h=164
African,https://tse2.mm.bing.net/th?id=OIP.JV-2tYNkQ8auyhL6vQv4pAHaD9&pid=15.1&P=0&w=305&h=164
Senegalese,https://tse1.mm.bing.net/th?id=OIP.e6u-7sU77VIyZLMc2qi3GAHaE6&pid=15.1&P=0&w=247&h=165
South African,https://www.oneandonlyresorts.com/~/media/oneandonly/cape-town/cuisine/reubens/detail/1400x600/one-and-only-cape-town-cuisine-reubens.jpg?v2
American (New),http://esq.h-cdn.co/assets/cm/15/07/320x240/54da58ae23583_-_ajax-tavern-restaurant-1109-lg.jpg
American (Traditional),https://tse1.mm.bing.net/th?id=OIP.XmD7DtVhUrdZTVjHnjWmmwHaFj&pid=15.1&P=0&w=233&h=176
Arabian,https://images.unsplash.com/photo-1542444256-9dd3e45c9b81?ixlib=rb-1.2.1&ixid=eyJhcHBfaWQiOjEyMDd9&auto=format&fit=crop&w=800&q=60
Argentine,https://images.unsplash.com/photo-1543807669-0d0730e95cb3?ixlib=rb-1.2.1&ixid=eyJhcHBfaWQiOjEyMDd9&auto=format&fit=crop&w=800&q=60
Armenian,https://images.unsplash.com/photo-1541167113378-1f06d813887f?ixlib=rb-1.2.1&ixid=eyJhcHBfaWQiOjEyMDd9&auto=format&fit=crop&w=800&q=60
Asian Fusion,https://i0.wp.com/secretldn.com/wp-content/uploads/2016/10/asian-fusion-restaurants.jpg?resize=666%2C388&ssl=1
Australian,http://allblogroll.com/wp-content/uploads/2017/06/Five-Cheapest-Restaurants-To-Devour-Food-in-Australia.png
Austrian,https://i0.wp.com/sharkingforchipsanddrinks.com/wp-content/uploads/2016/07/Lucy-Wang-Restaurant-Innsbruck-4-1024x768-1024x768.jpg?resize=1024%2C768
Bangladeshi,https://media-cdn.tripadvisor.com/media/photo-s/03/b2/25/8f/the-deccan-bangladeshi.jpg
Barbeque,https://images.unsplash.com/photo-1534993160870-eaba9d2bb3b2?ixlib=rb-1.2.1&ixid=eyJhcHBfaWQiOjEyMDd9&auto=format&fit=crop&w=800&q=60
Basque,http://cdn.onlyinyourstate.com/wp-content/uploads/2016/01/NV-Basque-3.3-700x440.jpg
Belgian,https://media-cdn.tripadvisor.com/media/photo-s/01/d1/46/ed/bar-2.jpg
Brasseries,https://tse2.mm.bing.net/th?id=OIP.YFDKRNVfRU9Znkz2fgMeCwHaGC&pid=15.1&P=0&w=237&h=195
Brazilian,https://tse2.mm.bing.net/th?id=OIP.lyt7apr77mF7R1fOBDzqXQHaE8&pid=15.1&P=0&w=275&h=184
Breakfast & Brunch,https://images.unsplash.com/photo-1495214783159-3503fd1b572d?ixlib=rb-1.2.1&ixid=eyJhcHBfaWQiOjEyMDd9&auto=format&fit=crop&w=800&q=60
British,https://tse3.mm.bing.net/th?id=OIP.LvHW269a49g0Z6sUFu1V_wHaEw&pid=15.1&P=0&w=314&h=202
Buffets,https://cdn.pixabay.com/photo/2015/08/26/22/15/buffet-909161__480.jpg
Burgers,https://cdn.pixabay.com/photo/2016/11/19/12/44/burgers-1839090__480.jpg
Burmese,https://s3-media1.fl.yelpcdn.com/bphoto/LPcMNRbQGh9O7TnlkJ_1Vw/o.jpg
Cafes,https://cdn.pixabay.com/photo/2015/07/02/10/38/woman-828888__480.jpg
Themed Cafes,https://cdn.pixabay.com/photo/2015/10/12/15/11/cafe-984275__480.jpg
Cafeteria,https://cdn.pixabay.com/photo/2014/07/31/22/02/restaurant-406972__480.jpg
Cajun/Creole,https://cdn.pixabay.com/photo/2013/04/03/12/00/crawfish-99850__480.jpg
Cambodian,https://tse3.mm.bing.net/th?id=OIP.ThcBHlaCsX9UpL2GTcoi7AHaEy&pid=15.1&P=0&w=285&h=185
Caribbean,https://cdn.pixabay.com/photo/2017/09/30/08/22/caribbean-2801439__480.jpg
Dominican,https://cdn.pixabay.com/photo/2014/05/22/08/26/dominican-republic-350607__480.jpg
Haitian,https://tse4.mm.bing.net/th?id=OIP.BtX8BNOjRbivte2gXO5FhQHaEz&pid=15.1&P=0&w=251&h=163
Puerto Rican,https://tse2.mm.bing.net/th?id=OIP.4yzAGFjo3hzomDCo7LNyygHaE7&pid=15.1&P=0&w=250&h=168
Trinidadian,https://www.trinigo.com/trinidad-tobago/wp-content/uploads/2016/01/13692_12322494_638753999599735_1672758203242054015_o.jpg
Catalan,https://tse1.mm.bing.net/th?id=OIP.AKk5UikfpzlYEeJoPaYOKQHaFj&pid=15.1&P=0&w=241&h=181
Cheesesteaks,https://cdn.pixabay.com/photo/2015/02/09/04/39/cheese-steak-629342__480.jpg
Chicken Shop,https://tse2.mm.bing.net/th?id=OIP.mXGKZL2KtJ7B3QV5hWRPPwHaE7&pid=15.1&P=0&w=285&h=191
Chicken Wings,https://cdn.pixabay.com/photo/2017/04/07/08/51/chicken-wings-2210462__480.jpg
Chinese,https://images.unsplash.com/photo-1464500542410-1396074bf230?ixlib=rb-1.2.1&ixid=eyJhcHBfaWQiOjEyMDd9&auto=format&fit=crop&w=800&q=60
Cantonese,https://tse1.mm.bing.net/th?id=OIP.e9Vjla8q0D2xMd9Uya3sRAHaDf&pid=15.1&P=0&w=356&h=169
Dim Sum,https://cdn.vox-cdn.com/thumbor/RVZyWP_5N8c5P6Lxa8Vz0ojoZg0=/0x0:1000x750/1200x900/filters:focal(0x0:1000x750)/cdn.vox-cdn.com/uploads/chorus_image/image/55330855/Tony_Cheng_s_DC_dim_sum.0.0.jpg
Hainan,http://3.bp.blogspot.com/-wqvNXK7EPnQ/VLfiNJrcAZI/AAAAAAAAGs0/ID9BQBckJEQ/s1600/P1143621.JPG
Shanghainese,https://tse2.mm.bing.net/th?id=OIP._w_waHnrm7DaLBHP-z59QAHaE8&pid=15.1&P=0&w=279&h=187
Szechuan,https://tse3.mm.bing.net/th?id=OIP.DjSQN1kjmfSwPtfcZfqgwAHaFi&pid=15.1&P=0&w=224&h=168
Comfort Food,https://s-i.huffpost.com/gadgets/slideshows/335478/slide_335478_3377560_free.jpg
Creperies,http://cbsnewyork.files.wordpress.com/2011/12/creperie-nyc.jpg?w=560
Cuban, http://www.southbeachmagazine.com/wp-content/uploads/2014/06/larios1030.jpg
Czech,https://tse3.mm.bing.net/th?id=OIP.nLMUhkVbAZTu6aQZ28Xz0wHaE7&pid=15.1&P=0&w=260&h=174
Delis,https://images.unsplash.com/photo-1513107132060-48f411aff83c?ixlib=rb-1.2.1&ixid=eyJhcHBfaWQiOjEyMDd9&auto=format&fit=crop&w=800&q=60
Diners,https://images.unsplash.com/photo-1528763216729-fb67cba479db?ixlib=rb-1.2.1&ixid=eyJhcHBfaWQiOjEyMDd9&auto=format&fit=crop&w=800&q=60
Dinner Theater,https://tse3.mm.bing.net/th?id=OIP.-ehEQU7XwCRFoDBx6cU0ZgHaEj&pid=15.1&P=0&w=293&h=181
Ethiopian,https://tse1.mm.bing.net/th?id=OIP.Xe_VKyxCLN-sfwOxgXexqwHaFj&pid=15.1&P=0&w=244&h=184
Fast Food,https://images.unsplash.com/photo-1517434324-1db605ff03c7?ixlib=rb-1.2.1&ixid=eyJhcHBfaWQiOjEyMDd9&auto=format&fit=crop&w=800&q=60
Filipino,https://tse1.mm.bing.net/th?id=OIP.gR9U1yzfoKnWyqnSH-wdIQHaFT&pid=15.1&P=0&w=257&h=185
Fish & Chips,https://images.unsplash.com/photo-1523950300486-6be20a1b1f60?ixlib=rb-1.2.1&ixid=eyJhcHBfaWQiOjEyMDd9&auto=format&fit=crop&w=800&q=60
Fondue,https://cdn.pixabay.com/photo/2017/09/30/23/10/cheese-fondue-2803840__480.jpg
Food Court,https://tse4.mm.bing.net/th?id=OIP.k9_ziOGt07LLiRCuNIJZFgHaEH&pid=15.1&P=0&w=300&h=167
Food Stands,https://tse3.mm.bing.net/th?id=OIP.w08lSO1jzW3m3_KqwnULLwHaFn&pid=15.1&P=0&w=243&h=185
French,https://tse2.mm.bing.net/th?id=OIP.2M-7oXCtZ24Qv-jl_QA__QHaE8&pid=15.1&P=0&w=280&h=187
Mauritius,https://tse4.mm.bing.net/th?id=OIP.o-fgJ6lcLKe1mSe-rtJsdQHaE7&pid=15.1&P=0&w=266&h=178
Reunion,http://www.iledelareunion.net/restaurant-reunion/images/5f4a2e8c2dead6e4d42f42b4054af851d3d8d27e.jpg
Game Meat,http://www.outdoorhub.com/wp-content/uploads/sites/2/2015/04/outdoorhub-wild-game-debate-hunters-allowed-sell-harvested-meat-2015-04-22_16-50-33.jpg
Gastropubs,https://cbsla.files.wordpress.com/2015/04/social1.jpg
German,https://tse1.mm.bing.net/th?id=OIP.JCDNe4dldAfGgOTcwmXnRAHaFj&pid=15.1&P=0&w=230&h=174
Gluten-Free,https://tse4.mm.bing.net/th?id=OIP.M2oQXTNVuw_U2dFBEuwnuwHaFE&pid=15.1&P=0&w=264&h=182
Greek,https://tse4.mm.bing.net/th?id=OIP.eYzq-PnkfON3JQrnAAYYIgHaE8&pid=15.1&P=0&w=243&h=163
Guamanian,https://tse3.mm.bing.net/th?id=OIP.Fegv80ucC79L1CnribvePwHaFi&pid=15.1&P=0&w=204&h=154
Halal,https://tse1.mm.bing.net/th?id=OIP.xgFqn6tVt1TObSWEBzUkcwHaFT&pid=15.1&P=0&w=219&h=158
Hawaiian,https://tse1.mm.bing.net/th?id=OIP.vk0pUewXDf9nL1z33ABfcgHaE8&pid=15.1&P=0&w=233&h=156
Himalayan/Nepalese,https://tse3.mm.bing.net/th?id=OIP.Z9c7d1uBf3fJRUVYVaOmpAHaFj&pid=15.1&P=0&w=245&h=184
Honduran,http://www.destination360.com/central-america/honduras/images/s/dining.jpg
Hong Kong Style Cafe,https://tse3.mm.bing.net/th?id=OIP.nkhUAOoy3tRQVz7OWBxqNwHaEK&pid=15.1&P=0&w=354&h=200
Hot Dogs,https://cdn.pixabay.com/photo/2015/03/03/07/21/hot-dog-657039__480.jpg
Hot Pot,https://tse3.mm.bing.net/th?id=OIP.bIZHGVvqoVGTZPhhOGHR5QHaFj&pid=15.1&P=0&w=245&h=185
Hungarian,http://media.blogto.com/uploads/2017/02/09/20170125-countrystylehungarian-05.jpg?h=2500&cmd=resize&quality=70&w=1400
Iberian,http://media-cdn.tripadvisor.com/media/photo-s/05/fd/2e/8f/iberia-peninsula-restaurant.jpg
Indian,https://cdn.pixabay.com/photo/2014/04/05/11/27/buffet-315691_1280.jpg
Indonesian,https://cdn.pixabay.com/photo/2016/04/24/05/09/indonesian-food-1348804__480.jpg
Irish,https://cdn.pixabay.com/photo/2018/02/04/14/49/irish-meal-3129974__480.jpg
Italian,https://cdn.pixabay.com/photo/2017/04/21/12/10/cuisine-2248567__480.jpg
Calabrian,http://cdn.gastroguide.de/betrieb/162063/galerie/album/userphotos/56466de4c29cb.jpeg
Sardinian,https://media-cdn.tripadvisor.com/media/photo-s/02/af/ae/64/restaurant-sardinian.jpg
Sicilian,https://cdn.pixabay.com/photo/2016/12/31/09/17/food-1942403__480.jpg
Tuscan,http://www.fenzoitalianbags.com/wp-content/uploads/2015/07/TuscanyTravelGuideCuisine.jpg
Japanese,https://cdn.pixabay.com/photo/2017/06/29/19/57/sushi-2455981__480.jpg
Conveyor Belt Sushi,https://tse1.mm.bing.net/th?id=OIP.KI9TxqNgUUyl0vH5UQXkDAHaEK&pid=15.1&P=0&w=313&h=177
Izakaya,https://tse4.mm.bing.net/th?id=OIP.B07m5delrq-tzSlroXw06wHaE8&pid=15.1&P=0&w=268&h=179
Japanese Curry,http://www.japanesecooking101.com/wp-content/uploads/2012/02/IMG_6208-1024x682.jpg
Ramen,https://images.unsplash.com/photo-1526318896980-cf78c088247c?ixlib=rb-1.2.1&ixid=eyJhcHBfaWQiOjEyMDd9&auto=format&fit=crop&w=700&q=60
Teppanyaki,https://cdn.pixabay.com/photo/2015/07/07/09/50/teppanyaki-834149__480.jpg
Kebab,https://www.cookingclassy.com/wp-content/uploads/2017/04/steak-kebabs-12.jpg
Korean,https://tse2.mm.bing.net/th?id=OIP.MWqyaLO3mmSha9VTJig7CQHaEx&pid=15.1&P=0&w=237&h=153
Kosher,https://www.aviglatt.com/ncmedia/nceditor/content/jhyfkg.jpg
Laotian,https://s3.amazonaws.com/secretsaucefiles/photos/images/000/112/893/large/laos-papayasalad-1.jpg?1485387947
Latin American,http://www.studentuniverse.com/blog/wp-content/uploads/2016/09/latin-american-food.jpg
Colombian,https://cdn.pixabay.com/photo/2017/06/29/20/14/food-2456084__480.jpg
Salvadoran,https://www.thefooddictator.com/wp-content/uploads/2015/08/Chaparros-Pupusas.jpg
Venezuelan,https://cdn.pixabay.com/photo/2018/05/21/21/15/grill-3419524__480.jpg
Live/Raw Food,https://images.unsplash.com/photo-1501595091296-3aa970afb3ff?ixlib=rb-1.2.1&ixid=eyJhcHBfaWQiOjEyMDd9&auto=format&fit=crop&w=700&q=60
Malaysian,https://cdn.pixabay.com/photo/2016/07/23/04/17/satay-1536252__480.jpg
Mediterranean,https://media1.s-nbcnews.com/j/newscms/2017_01/1854221/170104-mediterranean-diet-jpo-129p_27d9f2c24edc6ffb19150db2f2d5313b.nbcnews-fp-1200-800.jpg
Falafel,https://tse2.mm.bing.net/th?id=OIP._wezZTzQGtfv_RFVqlZ8vwHaFj&pid=15.1&P=0&w=206&h=155
Mexican,https://cdn.pixabay.com/photo/2017/06/29/20/09/mexican-2456038__480.jpg
Tacos,https://cdn.pixabay.com/photo/2015/11/02/20/27/taco-1018962__480.jpg
Middle Eastern,https://tse1.mm.bing.net/th?id=OIP.kCojXZvvFV-zqnOZ39MliwHaE7&pid=15.1&P=0&w=277&h=185
Egyptian,https://tse4.mm.bing.net/th?id=OIP.-7LuHnOvJuF-hrbH5pR1KQHaED&pid=15.1&P=0&w=328&h=180
Lebanese,https://cdn.pixabay.com/photo/2016/02/13/16/54/food-1198204__480.jpg
Modern European,http://www.asia-bars.com/wp-content/uploads/2013/05/twenty-one-BSC0009.jpg
Mongolian,https://upload.wikimedia.org/wikipedia/commons/thumb/7/79/Mongolianbbq.jpg/1200px-Mongolianbbq.jpg
Moroccan,http://2.bp.blogspot.com/-TpFx7Vx3FII/UdC2sV-47II/AAAAAAAAF4E/9SNsre11DFQ/s1600/IMG_2061.JPG
New Mexican Cuisine,https://tse4.mm.bing.net/th?id=OIP.owsrGQHqlLXZM8fCZHYshwHaEc&pid=15.1&P=0&w=279&h=168
Nicaraguan,http://gobackpacking.com/wp-content/uploads/2014/11/Nicaraguan-pork.jpg
Noodles,https://cdn.pixabay.com/photo/2018/07/24/20/18/noodles-3559956__480.jpg
Pakistani,http://flavorverse.com/wp-content/uploads/2017/03/Chapli-kebab-Famous-Pakistani-Food.jpg
Pan Asia,https://tse3.mm.bing.net/th?id=OIP.n0toe8Q3A-_3mqna74EsEQHaEK&pid=15.1&P=0&w=305&h=172
Persian/Iranian,https://tse1.mm.bing.net/th?id=OIP.tR3b-e5_Ke3Kt2sS4a3tgQHaFj&pid=15.1&P=0&w=210&h=158
Peruvian,https://cdn.pixabay.com/photo/2015/11/09/23/21/food-1036132__480.jpg
Pizza,https://images.unsplash.com/photo-1534308983496-4fabb1a015ee?ixlib=rb-1.2.1&ixid=eyJhcHBfaWQiOjEyMDd9&auto=format&fit=crop&w=700&q=60
Polish,https://img.grouponcdn.com/seocms/ehvAhDtPnnhjYEiveWAuf4/polish_food-600x390
Polynesian,http://mickeyblog.com/wp-content/uploads/2017/10/Disneys-Polyensian-Restaurants-720x340.jpg
Pop-Up Restaurants,http://www.oxygen-events.com/newsite/wp-content/uploads/2013/04/popup_title@2x.jpg
Portuguese,https://cdn.pixabay.com/photo/2015/05/08/18/08/portuguese-custard-tart-758547__480.jpg
Poutineries,http://s3-media2.fl.yelpcdn.com/bphoto/KayclaIsB4KQSGypbGKyjQ/o.jpg
Russian,http://blogs.elenasmodels.com/wp-content/uploads/2017/01/russkiy-ampir-russia-restaurant.jpg
Salad,https://images.unsplash.com/photo-1505253716362-afaea1d3d1af?ixlib=rb-1.2.1&ixid=eyJhcHBfaWQiOjEyMDd9&auto=format&fit=crop&w=668&q=80
Sandwiches,https://cdn.pixabay.com/photo/2016/03/05/20/02/appetizer-1238615_1280.jpg
Scandinavian,https://tse4.mm.bing.net/th?id=OIP.F5epAhAERezkZv3eZIgTvgHaE8&pid=15.1&P=0&w=243&h=163
Scottish,https://interculturalist.files.wordpress.com/2010/01/haggis.jpg
Seafood,https://images.unsplash.com/photo-1511543865714-5a5a5ce51a94?ixlib=rb-1.2.1&ixid=eyJhcHBfaWQiOjEyMDd9&auto=format&fit=crop&w=700&q=60
Singaporean,http://www.galaxytourism.com/blog/wp-content/uploads/2016/05/Rang-Mahal1.jpg
Slovakian,https://www.kamzik.sk/media/object/1507_img1_b.jpg
Soul Food,https://tse1.mm.bing.net/th?id=OIP.zsxgBoMTdMkMtWKMdTX3jQHaE8&pid=15.1&P=0&w=230&h=154
Soup,https://images.unsplash.com/photo-1510431198580-7727c9fa1e3a?ixlib=rb-1.2.1&ixid=eyJhcHBfaWQiOjEyMDd9&auto=format&fit=crop&w=700&q=60
Southern,https://tse1.mm.bing.net/th?id=OIP.EAawidREjl4QKKdbaVEn2QHaFj&pid=15.1&P=0&w=248&h=187
Spanish,https://tse4.mm.bing.net/th?id=OIP.NeuJfYkPtxKnuNISPkI3kQHaE8&pid=15.1&P=0&w=262&h=176
Sri Lankan,https://media-cdn.tripadvisor.com/media/photo-s/04/19/56/13/ceylonta-sri-lankan-restaurant.jpg
Steakhouses,https://cdn.pixabay.com/photo/2017/09/19/06/42/steak-2764210__480.jpg
Supper Clubs,"https://res.cloudinary.com/simpleview/image/fetch/c_limit,f_auto,q_75,w_1200/https://Chicago.simpleviewcrm.com/images/listings/original_Clubhouse-Dining-Room0.jpg"
Sushi Bars,https://images.unsplash.com/photo-1512132411229-c30391241dd8?ixlib=rb-1.2.1&auto=format&fit=crop&w=700&q=60
Syrian,http://dine-online.co.uk/foodie/wp-content/uploads/2017/01/syrian-restaurant.jpg
Taiwanese,https://cdn.pixabay.com/photo/2015/11/23/06/40/taiwanese-cuisine-1057814__480.jpg
Tapas Bars,https://cdn.pixabay.com/photo/2017/09/12/02/57/tapas-bar-2741115__480.jpg
Tapas/Small Plates,http://cdn.aarp.net/content/dam/travel/destination-images/spain/seville/1400-poi-seville-small-plates-tapas-food.imgcache.rev1393950400908.web.jpg
Tex-Mex,http://paleyellowdotnet.files.wordpress.com/2013/08/tex-mex-quinoa.jpg
Thai,https://cdn.pixabay.com/photo/2014/11/05/16/00/thai-food-518035__480.jpg
Turkish,https://cdn.pixabay.com/photo/2019/01/23/13/15/food-3950244_1280.jpg
Ukrainian,https://cdn.pixabay.com/photo/2015/05/24/09/32/ukrainian-781537__480.jpg
Uzbek,http://media-cdn.tripadvisor.com/media/photo-s/08/95/48/5d/gruzbek-uzbek-restaurant.jpg
Vegan,https://www.finditnearme.co/wp-content/uploads/2016/12/vegan-restaurants-near-me.jpg
Vegetarian,https://dwgfmnrdprofc.cloudfront.net/wp-content/uploads/2016/01/main-ubud-vegetarian-restaurants-sari-organik.jpg
Vietnamese,https://cdn.pixabay.com/photo/2014/10/01/09/09/roasted-468161__480.jpg
Waffles,https://images.unsplash.com/photo-1441633980922-d18ca151ee64?ixlib=rb-1.2.1&ixid=eyJhcHBfaWQiOjEyMDd9&auto=format&fit=crop&w=700&q=60
Wraps,https://cdn.pixabay.com/photo/2017/12/29/21/08/food-3048691__480.jpg
Shopping,https://cdn.pixabay.com/photo/2017/08/05/00/12/people-2581913__480.jpg
Adult,https://images.unsplash.com/photo-1467632499275-7a693a761056?ixlib=rb-1.2.1&ixid=eyJhcHBfaWQiOjEyMDd9&auto=format&fit=crop&w=700&q=60
Antiques,https://images.unsplash.com/photo-1497910716269-f7eccab7c056?ixlib=rb-1.2.1&ixid=eyJhcHBfaWQiOjEyMDd9&auto=format&fit=crop&w=668&q=80
Art Galleries,https://images.unsplash.com/photo-1524947996703-8b011401c9e9?ixlib=rb-1.2.1&ixid=eyJhcHBfaWQiOjEyMDd9&auto=format&fit=crop&w=700&q=60
Arts & Crafts,https://images.unsplash.com/photo-1466027241446-fb64b6d0de6a?ixlib=rb-1.2.1&ixid=eyJhcHBfaWQiOjEyMDd9&auto=format&fit=crop&w=700&q=60
Art Supplies,https://images.unsplash.com/photo-1475669698648-2f144fcaaeb1?ixlib=rb-1.2.1&auto=format&fit=crop&w=700&q=60
Cards & Stationery,https://images.unsplash.com/photo-1473186505569-9c61870c11f9?ixlib=rb-1.2.1&ixid=eyJhcHBfaWQiOjEyMDd9&auto=format&fit=crop&w=700&q=60
Cooking Classes,https://images.unsplash.com/photo-1499125650409-2c437d5cca77?ixlib=rb-1.2.1&auto=format&fit=crop&w=700&q=60
Costumes,https://cdn.pixabay.com/photo/2018/07/31/23/27/hallstatt-3576184__480.jpg
Embroidery & Crochet,https://images.unsplash.com/photo-1466584241662-8cb021032c1a?ixlib=rb-1.2.1&ixid=eyJhcHBfaWQiOjEyMDd9&auto=format&fit=crop&w=700&q=60
Fabric Stores,https://images.unsplash.com/photo-1524464706543-574d1bf3f7d9?ixlib=rb-1.2.1&ixid=eyJhcHBfaWQiOjEyMDd9&auto=format&fit=crop&w=700&q=60
Framing,https://tse1.mm.bing.net/th?id=OIP.OXhW2RYouSgA2dwQGM7-UwHaE8&pid=15.1&P=0&w=272&h=182
Paint-Your-Own Pottery,https://tse4.mm.bing.net/th?id=OIP.phWyGIy5Bp8kUqo9_EsnfgHaEg&pid=15.1&P=0&w=277&h=169
Auction Houses,https://images.unsplash.com/photo-1536821824982-ee7e97e7807d?ixlib=rb-1.2.1&ixid=eyJhcHBfaWQiOjEyMDd9&auto=format&fit=crop&w=1646&q=80
Baby Gear & Furniture,https://tse1.mm.bing.net/th?id=OIP.qpdtxv6eyF1y3xkbV12YGgHaH2&pid=15.1&P=0&w=300&h=300
Battery Stores,https://images.unsplash.com/photo-1458007683879-47560d7e33c3?ixlib=rb-1.2.1&ixid=eyJhcHBfaWQiOjEyMDd9&auto=format&fit=crop&w=700&q=60
Bespoke Clothing,http://i.ebayimg.com/00/s/NTY2WDg0OQ==/z/PjUAAOSwqv9V6Wk6/$_32.JPG?set_id=880000500F
"Books, Mags, Music & Video",https://images.unsplash.com/photo-1466386460451-cbc548bf581b?ixlib=rb-1.2.1&ixid=eyJhcHBfaWQiOjEyMDd9&auto=format&fit=crop&w=700&q=60
Bookstores,https://images.unsplash.com/photo-1541079079826-898d56d2eccf?ixlib=rb-1.2.1&ixid=eyJhcHBfaWQiOjEyMDd9&auto=format&fit=crop&w=700&q=60
Comic Books,https://images.unsplash.com/photo-1514329926535-7f6dbfbfb114?ixlib=rb-1.2.1&ixid=eyJhcHBfaWQiOjEyMDd9&auto=format&fit=crop&w=700&q=60
Music & DVDs,https://images.unsplash.com/photo-1536184618310-dddbbe3489e7?ixlib=rb-1.2.1&ixid=eyJhcHBfaWQiOjEyMDd9&auto=format&fit=crop&w=700&q=60
Newspapers & Magazines,https://images.unsplash.com/photo-1548056561-075b8a40c9e5?ixlib=rb-1.2.1&ixid=eyJhcHBfaWQiOjEyMDd9&auto=format&fit=crop&w=700&q=60
Video Game Stores,https://images.unsplash.com/photo-1523843268911-45a882919fec?ixlib=rb-1.2.1&ixid=eyJhcHBfaWQiOjEyMDd9&auto=format&fit=crop&w=700&q=60
Videos & Video Game Rental,https://tse1.mm.bing.net/th?id=OIP.RjylkO5_ezY-5iAK5OiHugHaFj&pid=15.1&P=0&w=207&h=156
Vinyl Records,https://images.unsplash.com/photo-1520354127549-fcecfe79d058?ixlib=rb-1.2.1&ixid=eyJhcHBfaWQiOjEyMDd9&auto=format&fit=crop&w=700&q=60
Brewing Supplies,https://images.unsplash.com/photo-1532634740-6837b2a21d39?ixlib=rb-1.2.1&ixid=eyJhcHBfaWQiOjEyMDd9&auto=format&fit=crop&w=700&q=60
Bridal,https://images.unsplash.com/photo-1481068164146-e8beb686f4d2?ixlib=rb-1.2.1&ixid=eyJhcHBfaWQiOjEyMDd9&auto=format&fit=crop&w=700&q=60
Cannabis Dispensaries,https://images.unsplash.com/photo-1542613359-3ef3e82a9f89?ixlib=rb-1.2.1&ixid=eyJhcHBfaWQiOjEyMDd9&auto=format&fit=crop&w=700&q=60
Computers,https://images.unsplash.com/photo-1519162721257-18cd195350c2?ixlib=rb-1.2.1&ixid=eyJhcHBfaWQiOjEyMDd9&auto=format&fit=crop&w=700&q=60
Cosmetics & Beauty Supply,https://tse4.mm.bing.net/th?id=OIP.3aw7xO2PhEoluA1TMZm58wHaFj&pid=15.1&P=0&w=216&h=163
Customized Merchandise,https://marketingteamblog.files.wordpress.com/2013/03/promotional-collage1.jpg
Department Stores,https://cdn.pixabay.com/photo/2014/02/13/07/31/department-store-265135__480.jpg
Discount Storeurg,https://images.unsplash.com/photo-1541494735769-63b8e8b1ea66?ixlib=rb-1.2.1&ixid=eyJhcHBfaWQiOjEyMDd9&auto=format&fit=crop&w=700&q=60
Drones,https://images.unsplash.com/photo-1520539294759-590f20a6b6e2?ixlib=rb-1.2.1&ixid=eyJhcHBfaWQiOjEyMDd9&auto=format&fit=crop&w=700&q=60
Drugstores,https://images.unsplash.com/photo-1490854802595-6f169e4673b9?ixlib=rb-1.2.1&ixid=eyJhcHBfaWQiOjEyMDd9&auto=format&fit=crop&w=2378&q=80
Duty-Free Shops,https://tse1.mm.bing.net/th?id=OIP.AN0Q-dkJ4w6_kiBhlJJ2LgHaFj&pid=15.1&P=0&w=240&h=180
Electronics,https://images.unsplash.com/photo-1526738549149-8e07eca6c147?ixlib=rb-1.2.1&ixid=eyJhcHBfaWQiOjEyMDd9&auto=format&fit=crop&w=700&q=60
Eyewear & Opticians,https://images.unsplash.com/photo-1515775356328-191f2e02390e?ixlib=rb-1.2.1&ixid=eyJhcHBfaWQiOjEyMDd9&auto=format&fit=crop&w=700&q=60
Sunglasses,https://cdn.pixabay.com/photo/2016/03/27/19/33/sunset-1283872__480.jpg
Farming Equipment,https://cdn.pixabay.com/photo/2016/11/10/21/29/tractor-1815232__480.jpg
Fashion,https://images.unsplash.com/photo-1512436991641-6745cdb1723f?ixlib=rb-1.2.1&auto=format&fit=crop&w=700&q=60
Accessories,https://images.unsplash.com/photo-1521120098171-0400b4ec1319?ixlib=rb-1.2.1&ixid=eyJhcHBfaWQiOjEyMDd9&auto=format&fit=crop&w=700&q=60
Ceremonial Clothing,https://cdn.pixabay.com/photo/2016/11/14/03/43/asia-1822520__480.jpg
Childrenâ€™s Clothing,https://cdn.pixabay.com/photo/2016/03/31/22/27/children-1297038__480.png
Clothing Rental,https://cdn.pixabay.com/photo/2016/01/18/12/46/dress-1146503__480.jpg
Department Stores,https://cdn.pixabay.com/photo/2014/02/13/07/31/department-store-265135__480.jpg
Formal Wear,https://images.unsplash.com/photo-1476038270590-87bf4cb16a90?ixlib=rb-1.2.1&ixid=eyJhcHBfaWQiOjEyMDd9&auto=format&fit=crop&w=700&q=60
Fur Clothing,https://cdn.pixabay.com/photo/2017/08/07/08/11/fur-2601301__480.jpg
Hats,https://images.unsplash.com/photo-1533055640609-24b498dfd74c?ixlib=rb-1.2.1&ixid=eyJhcHBfaWQiOjEyMDd9&auto=format&fit=crop&w=700&q=60
Leather Goods,https://cdn.pixabay.com/photo/2017/10/01/07/28/leather-case-2804478__480.png
Lingerie,https://cdn.pixabay.com/photo/2015/03/26/06/52/underwear-689861__480.jpg
Maternity Wear,https://cdn.pixabay.com/photo/2016/11/29/02/59/blurred-background-1866962__480.jpg
Menâ€™s Clothing,https://cdn.pixabay.com/photo/2015/10/12/15/18/clothing-store-984396__480.jpg
Plus Size Fashion,https://cdn.pixabay.com/photo/2017/06/14/01/26/fashion-2400729__480.jpg
Shoe Stores,https://cdn.pixabay.com/photo/2016/10/04/01/26/shoes-1713338__480.jpg
Sports Wear,https://cdn.pixabay.com/photo/2018/06/06/00/40/denim-3456783__480.jpg
Dance Wear,https://images.unsplash.com/photo-1518834107812-67b0b7c58434?ixlib=rb-1.2.1&ixid=eyJhcHBfaWQiOjEyMDd9&auto=format&fit=crop&w=700&q=60
Surf Shop,https://cdn.pixabay.com/photo/2015/11/07/11/49/vw-beetle-1031513__480.jpg
Swimwear,https://cdn.pixabay.com/photo/2014/06/25/21/46/bikini-377487__480.jpg
Traditional Clothing,https://cdn.pixabay.com/photo/2016/11/14/03/43/asia-1822520__480.jpg
"Used, Vintage & Consignment",https://tse1.mm.bing.net/th?id=OIP.3VDGP5Q0wZ3B-GJUFWo8hwHaE8&pid=15.1&P=0&w=235&h=157
Womenâ€™s Clothing,https://cdn.pixabay.com/photo/2016/04/08/18/46/shopping-mall-1316787__480.jpg
Fireworks,https://images.unsplash.com/photo-1533230408708-8f9f91d1235a?ixlib=rb-1.2.1&ixid=eyJhcHBfaWQiOjEyMDd9&auto=format&fit=crop&w=700&q=60
Fitness/Exercise Equipment,https://images.unsplash.com/photo-1526401485004-46910ecc8e51?ixlib=rb-1.2.1&ixid=eyJhcHBfaWQiOjEyMDd9&auto=format&fit=crop&w=700&q=60
Flea Markets,https://images.unsplash.com/photo-1526714777143-799b30a29fdb?ixlib=rb-1.2.1&ixid=eyJhcHBfaWQiOjEyMDd9&auto=format&fit=crop&w=700&q=60
Flowers & Gifts,https://images.unsplash.com/photo-1511815705358-f54fcf5b72f5?ixlib=rb-1.2.1&ixid=eyJhcHBfaWQiOjEyMDd9&auto=format&fit=crop&w=700&q=60
Cards & Stationery,http://www.stampinup.net/uploads/fckeditor/348/576/Image/Wedding/05-08-2010%20Wedding%20%232.JPG
Florists,https://cdn.pixabay.com/photo/2018/01/18/17/48/purchase-3090818__480.jpg
Gift Shops,https://cdn.pixabay.com/photo/2014/11/08/19/45/shopping-mall-522619__480.jpg
Gemstones & Minerals,https://tse2.mm.bing.net/th?id=OIP.xGeLPgl3nK2y00QzYscSfwHaFj&pid=15.1&P=0&w=226&h=170
Gold Buyers,https://tse4.mm.bing.net/th?id=OIP.af88PKz4T2pYZsNCKL4bGgHaE6&pid=15.1&P=0&w=230&h=154
Guns & Ammo,https://images.unsplash.com/photo-1545270812-b631d7f05548?ixlib=rb-1.2.1&ixid=eyJhcHBfaWQiOjEyMDd9&auto=format&fit=crop&w=700&q=60
Head Shops,https://tse3.mm.bing.net/th?id=OIP.gF3sw4zWX-nxI9cD09Z-ogHaEw&pid=15.1&P=0&w=272&h=175
High Fidelity Audio Equipment,https://s-media-cache-ak0.pinimg.com/736x/f5/9d/3d/f59d3dec093a64790be4f820ab4828a0.jpg
Hobby Shops,https://cdn.pixabay.com/photo/2012/03/01/00/37/buttons-19755_1280.jpg
Home & Garden,https://tse1.mm.bing.net/th?id=OIP.TzMSczITiEnIeI-3XG3D3QHaFj&pid=15.1&P=0&w=245&h=184
Appliances,https://cdn.pixabay.com/photo/2017/08/22/10/47/washing-machine-2668472__480.jpg
Candle Stores,https://cdn.pixabay.com/photo/2012/11/05/16/21/candles-64177__480.jpg
Christmas Trees,https://cdn.pixabay.com/photo/2016/01/19/17/17/christmas-tree-1149619__480.jpg
Furniture Stores,https://cdn.pixabay.com/photo/2016/06/05/00/30/bed-1436574__480.jpg
Grilling Equipment,https://images.unsplash.com/photo-1504564321107-4aa3efddb5bd?ixlib=rb-1.2.1&ixid=eyJhcHBfaWQiOjEyMDd9&auto=format&fit=crop&w=700&q=60
Hardware Stores,https://cdn.pixabay.com/photo/2018/10/10/18/14/screw-3737946__480.png
Holiday Decorations,https://images.unsplash.com/photo-1514956488983-e8f198eea27a?ixlib=rb-1.2.1&ixid=eyJhcHBfaWQiOjEyMDd9&auto=format&fit=crop&w=700&q=60
Home Decor,https://images.unsplash.com/photo-1496180727794-817822f65950?ixlib=rb-1.2.1&ixid=eyJhcHBfaWQiOjEyMDd9&auto=format&fit=crop&w=700&q=60
Hot Tub & Pool,https://images.unsplash.com/photo-1544843776-7c98a52e08a4?ixlib=rb-1.2.1&ixid=eyJhcHBfaWQiOjEyMDd9&auto=format&fit=crop&w=700&q=60
Kitchen & Bath,https://tse3.mm.bing.net/th?id=OIP.o1XUHAkCpBGQ38IGNbXImgHaFj&pid=15.1&P=0&w=246&h=185
Kitchen Supplies,https://tse2.mm.bing.net/th?id=OIP.lW6rBvdmY_h2KST5CKahmwHaFq&pid=15.1&P=0&w=207&h=160
Lighting Stores,http://jamiesarner.com/images/2015/04/Casa-di-Luce-store-1.jpg
Mattresses,https://cdn.pixabay.com/photo/2017/02/01/09/43/mattress-2029190__480.jpg
Nurseries & Gardening,https://tse3.mm.bing.net/th?id=OIP.zRjx3ptgI40l5D5j-uUhigHaE8&pid=15.1&P=0&w=237&h=159
Hydroponics,https://tse1.mm.bing.net/th?id=OIP.vJaOtM-gZopZO-mtmqf3pwHaE8&pid=15.1&P=0&w=228&h=153
Outdoor Furniture Stores,https://cdn.pixabay.com/photo/2013/08/15/04/18/teak-172642__480.jpg
Paint Stores,https://cdn.pixabay.com/photo/2013/06/07/09/53/paint-117599__480.png
Playsets,https://cdn.pixabay.com/photo/2016/05/10/06/14/playground-1383133__480.jpg
Pumpkin Patches,https://cdn.pixabay.com/photo/2018/10/10/07/10/agriculture-3736561__480.jpg
Rugs,https://tse3.mm.bing.net/th?id=OIP.CF5_syCY7CeoyyJF9tqoXgHaHa&pid=15.1&P=0&w=300&h=300
Tableware,https://tse1.mm.bing.net/th?id=OIP.9wCaGUUitMzhuaUBILQ4DAHaFj&pid=15.1&P=0&w=239&h=180
Horse Equipment Shops,https://cdn.pixabay.com/photo/2015/06/01/00/21/saddle-792822__480.jpg
Jewelry,https://cdn.pixabay.com/photo/2014/07/18/13/49/jewels-396441__480.jpg
Knitting Supplies,https://cdn.pixabay.com/photo/2016/03/05/19/51/wool-1238542__480.jpg
Livestock Feed & Supply,https://tse2.mm.bing.net/th?id=OIP.LanZmi1DUU8UCDzzh9l6SgHaF2&pid=15.1&P=0&w=236&h=188
Luggage,https://cdn.pixabay.com/photo/2015/09/09/21/31/luggage-933487_1280.jpg
Medical Supplies,https://cdn.pixabay.com/photo/2016/10/18/08/52/blood-pressure-monitor-1749577__480.jpg
Military Surplus,https://cdn.pixabay.com/photo/2013/07/12/12/35/camouflage-145980_1280.png
Mobile Phone Accessories,https://cdn.pixabay.com/photo/2018/07/01/13/28/two-pin-3509490__480.jpg
Mobile Phones,https://cdn.pixabay.com/photo/2013/07/12/18/39/smartphone-153650__480.png
Motorcycle Gear,https://tse4.mm.bing.net/th?id=OIP.Wija2Tbky1PFSCl02dnzrQHaE8&pid=15.1&P=0&w=230&h=154
Musical Instruments & Teachers,https://cdn.pixabay.com/photo/2014/11/26/15/20/saxophone-546303__480.jpg
Office Equipment,https://cdn.pixabay.com/photo/2013/12/23/17/12/work-space-232985__480.jpg
Outlet Stores,https://tse2.mm.bing.net/th?id=OIP.LpgNROvvYRQ62qLqBHIllQHaFj&pid=15.1&P=0&w=207&h=156
Packing Supplies,https://tse1.mm.bing.net/th?id=OIP.setegKV2eDr-UqFgNDnfqgHaFj&pid=15.1&P=0&w=231&h=174
Pawn Shops,https://tse2.mm.bing.net/th?id=OIP.OjdFus0dkavO4rhMigpz7AHaC8&pid=15.1&P=0&w=431&h=172
Perfume,https://cdn.pixabay.com/photo/2016/06/15/22/22/still-life-1460067__480.jpg
Personal Shopping,https://cdn.pixabay.com/photo/2018/11/09/16/51/fashion-3805027__480.jpg
Photography Stores & Services,https://images.unsplash.com/photo-1520390138845-fd2d229dd553?ixlib=rb-1.2.1&ixid=eyJhcHBfaWQiOjEyMDd9&auto=format&fit=crop&w=700&q=60
Pool & Billiards,https://images.unsplash.com/photo-1531984930747-b56876644b11?ixlib=rb-1.2.1&ixid=eyJhcHBfaWQiOjEyMDd9&auto=format&fit=crop&w=700&q=60
Pop-up Shops,https://tse4.mm.bing.net/th?id=OIP.xO42YEL8LsPpJ1htYBBhLQHaHC&pid=15.1&P=0&w=190&h=182
Props,https://tse2.mm.bing.net/th?id=OIP.QNJ-4mX_87CFCeK-8Te0PQHaEu&pid=15.1&P=0&w=281&h=180
Public Markets,https://tse2.mm.bing.net/th?id=OIP.24T2UK6vfcxZQWtjw3lZQAHaEM&pid=15.1&P=0&w=302&h=172
Religious Items,http://3.bp.blogspot.com/-yAjwiXGDFc4/Tu8bWOfnKmI/AAAAAAAAAeE/UB6eyS2GtOA/s1600/religious-jewelry.jpg
Safe Stores,https://cdn.pixabay.com/photo/2015/08/29/20/21/safe-913452__480.jpg
Safety Equipment,https://cdn.pixabay.com/photo/2018/03/12/05/24/safety-helmet-3218800__480.jpg
Shopping Centers,https://cdn.pixabay.com/photo/2014/03/08/22/32/escalator-283448_1280.jpg
Souvenir Shops,https://cdn.pixabay.com/photo/2016/11/21/18/41/clothing-1847092__480.jpg
Spiritual Shop,https://cdn.pixabay.com/photo/2018/04/06/19/08/destination-senegal-3296564__480.jpg
Sporting Goods, https://tse2.mm.bing.net/th?id=OIP.7gDp8va2GnauQu1XK0gODwHaFj&pid=15.1&P=0&w=209&h=158
Bikes,https://cdn.pixabay.com/photo/2016/12/14/13/33/girl-1906405__480.jpg
Dive Shops, https://cdn.pixabay.com/photo/2014/07/21/20/34/directory-398893__480.jpg
Golf Equipment,https://cdn.pixabay.com/photo/2015/08/09/10/34/golf-881374__480.jpg
Hockey Equipment,https://cdn.pixabay.com/photo/2014/02/10/15/41/skates-263496__480.jpg
Hunting & Fishing Supplies,https://tse3.mm.bing.net/th?id=OIP.L-xbLF3ot3-5MAbhFMT3uQHaE7&pid=15.1&P=0&w=242&h=162
Outdoor Gear,https://tse1.mm.bing.net/th?id=OIP.tYJjpc8u_wZ09bDpDuJBDAHaE7&pid=15.1&P=0&w=250&h=167
Skate Shops,https://tse2.mm.bing.net/th?id=OIP.uxz9y01ODIRcL7sDs7Ws9AHaE8&pid=15.1&P=0&w=275&h=184
Ski & Snowboard Shops,https://cdn.pixabay.com/photo/2018/04/13/11/14/shoes-3316260_1280.jpg
Sports Wear,https://cdn.pixabay.com/photo/2018/04/06/10/12/woman-3295415__480.jpg
Dance Wear,https://cdn.pixabay.com/photo/2016/12/19/23/06/slipper-1919321__480.jpg
Tabletop Games,https://cdn.pixabay.com/photo/2013/03/01/19/38/close-up-88488__480.jpg
Teacher Supplies,https://cdn.pixabay.com/photo/2016/08/07/18/22/back-to-school-1576792__480.jpg
Thrift Stores,https://cdn.pixabay.com/photo/2018/10/11/13/37/clothing-3739798__480.jpg
Tobacco Shops,https://tse4.mm.bing.net/th?id=OIP.4_Bc9-c5Bt9GgSg0hxGcVQHaFl&pid=15.1&P=0&w=208&h=158
Toy Stores,https://cdn.pixabay.com/photo/2016/11/29/04/35/building-1867350__480.jpg
Trophy Shops,https://cdn.pixabay.com/photo/2015/04/06/22/33/trophies-710169__480.jpg
Uniforms,http://www.theuniformshoponline.co.uk/images/mainarticles/the-uniform-shop-bradford.gif
Used Bookstore,https://cdn.pixabay.com/photo/2016/09/10/17/18/book-1659717__480.jpg
Vape Shops,https://cdn.pixabay.com/photo/2016/04/01/21/39/e-cigarette-1301664__480.jpg
Vitamins & Supplements,https://images.unsplash.com/photo-1544829885-9a58b457fd5a?ixlib=rb-1.2.1&ixid=eyJhcHBfaWQiOjEyMDd9&auto=format&fit=crop&w=700&q=60
Watches,https://images.unsplash.com/photo-1508057198894-247b23fe5ade?ixlib=rb-1.2.1&ixid=eyJhcHBfaWQiOjEyMDd9&auto=format&fit=crop&w=700&q=60
Wholesale Stores,http://www.mhlnews.com/sites/mhlnews.com/files/styles/article_featured_standard/public/uploads/2016/09/big-box-store-aisle-1.jpg?itok=b60-tbDD
Wigs,https://cdn.pixabay.com/photo/2016/01/16/17/43/wigs-1143662_1280.jpg